content,label
功能配置全面，我新手倒车有了影像跟360全景，妈妈再也不用担心我刮碰到哪里了,1
空间大，储物空间也非常多，比较便利,1
不大好的路面跳动厉害，防爆轮胎路噪明显！,-1
瞬时油耗易飙升，可能是路况的原因吧,1
一般,0
空间上是我最满意的一点，“容纳你世界”不是说说而已，从外观上来看，看着不是很大的样子，但内部空间设计上能很充分的利用起来，特别是后备箱的空间，可以塞好几个行李箱，下面还有暗格，当然，我并没有那么多行李箱来做实验，所以只能目测啦。如果需要塞大件的或者行李超多的时候，后排的座椅还可以往前折叠呢。,1
身高175，坐在驾驶室头部空间很宽裕的，而且驾驶室的座椅可以高低调节的，调到最高位置头顶空间也很大的。后排座椅可以前后移动，移到最前，后排空间也不错，再加上可以前后移动，后排的空间就可以自由变换了！储物,1
基本无顿挫，加速比较线性，涡轮介入较早，提速还是可以的跑,1
外观，哈哈，胖胖的，挺好看的，特别是天使眼。,1
没得挑，绝对拉风，宝马的风格。,1
可以。满爽的,1
各有各的看法。自己喜欢的就是最有性价比的！,1
操控、变速箱8AT的平顺性、经典N55鸡头，成熟，性感,1
转向精准，路感直接，悬挂也正好。在运动模式下，动力配合到位，真的能指哪打哪，可以做到人车合一。,1
系统是宝马的小主机，很多功能没有，6.5的屏边框好大，后期要改。,-1
空间ok吧，毕竟是轿跑，不要想太大空间了,1
1.5吨的车油耗综合在8.5左右，高速6.5，市区9左右，比较满意,1
空间比较适中，可以一家人一起开车去自驾游,0
外型,0
内饰不管是用料，还是做工都是极其优良。,1
没有倒车影像,-1
最不满意，车子对于我来说犹如小时候新买的玩具，因为新，还处于新鲜期，所以我并没有什么不满意的。,1
动力操控一流,1
中控一如既往，就选装的座椅很骚气,1
外观我喜欢，宝马经典的双肾进气口，两个大灯怒视前方。这种感觉我喜欢～,1
二十几万的宝马，良好的行驶质感，性价比高。,1
噪音偏大，尤其是冷车时，从外面听跟拖拉机差不多,-1
这个没什么期望，前排绝对可以，后排，尾箱就不用说了。,1
就这点钱，你还想整啥？,0
空间不错，但是175以上的坐后排碰头，后备箱还挺大,1
前脸设计有点丑，A柱太遮挡视线，其余都还行。,-1
如果不是追求宝马，那么选择其他的车吧，如果手里富裕选择新X1吧，但是无论如何华晨宝马恐怕都不是最好的选择。,0
9.7L/100KM，驾驶习惯不太好，喜欢大脚油，这个油耗很好了。比一般6速自动挡省油多了,1
我选的是白色的车，内饰是黑色的。,0
在低速加速的时候很有感，油门的响应速度很快，比1.8L自然吸气的要快很多。但是到了150动力就明显不行了，但是自己一般都是市区行驶，速度在120以内，对于1.5T很满意了。,1
外观开篷那就,0
动力没得说虽然是三缸一点不肉,1
堵车低档位的时候顿挫感是很明显的，3档以后就如行云流水了！,1
发动机启停技术，并线辅助等等。,0
路遥知马力，就是不知道过了磨合期甚至是过几年后，或者说公里数跑多了会怎么样。,0
这个价格价级别我认为就这台车了，性价比非常高，再怎么说也是台宝马，还是轿跑，还是双门的,1
家族式的双肾加上天使眼，饱满的屁股，车身线条，一切都是那么的宝马，唯一遗憾的是，中配居然还是织物座椅，还不给加装真皮座椅和电动调节，挺遗憾的，只能后期在自己包个真皮座椅了，多希望能有个电动调节，另外没有电动折叠后视镜也是个遗憾,-1
操控很好，底盘技术过关，轮胎抓低力很好,1
宝马的内饰都那个样，不过内饰比以前的进步多了 好看不少,1
操控性不用说了，我买这个车最主要的就是感受它的操控性，方向非常精准，路感很好，而且开高速的时候感觉贴地飞行。,1
宝马3缸发动机作为被键盘党长期吐槽的对象一直让我有些担心，没想到的是提速犀利，油耗低，抖动更是无从谈起。买车之前看之家参考购车经验是好习惯，但也要注意甄别，不要被键盘党误导。,1
操控、变速箱8AT的平顺性、经典N55鸡头，成熟，性感,1
没有前雷达，在停车场小巷子里面挪车比较费力。,-1
噪音控制良好，静音效果不错。,1
视觉上内饰真的很好，风格大气有范，手感也比较好，没有异味,1
车子的外形很漂亮，动力在普通路上行驶也足够用，方向盘也很好掌握,1
后排是硬伤，如果大点我就满意了。,-1
空间我倒是完全的放心的一点的，这个车子的空间特别的大，算是一款旅行车里面空间很好的车子了，它的乘坐的空间就是很有规划，车子对于空间的一个利用率还是很到位的，车车子内部的一个空间是挺大的，包括就是车子的储物空间，绝对的够用，车子的后备箱也是，用的时候挺方便的。空间也是很充足的。,1
外观各人青菜萝卜，我感觉很好。要是前脸再大一点高一点，绝对是大卖了。不过听讲这样的原因是风阻系数小了,1
油耗很低，八个油感觉还是不错的。,1
在肇庆上下班，动力毫无压力可言。,1
乘坐,0
内饰没有突出的创新，再添加一点现代潮流的元素就更好了,-1
内饰方面没有什么特别的亮点值得说的，宝马风格,1
一直觉得运动设计套装版是宝马的精髓，这个外观才是纯正的宝马风味。其他东西该有都有了，启停有点多余。,0
实测01能进7s，但永远感觉差那么一点点，也许这就是乐趣所在。,1
缺点就是内饰我不是那么喜欢，有点普通了，还有就是舒适度稍微差些。,-1
方向盘略有虚位，不过影响不大，握感还可以，轻重也适中。,0
外形和动力,0
动力充沛 ，车虽小但很装载能力超强，无论高速还是市区道路超车灵活便捷，宝马2系旅行车 2016款220i 豪华设计套装功能很丰富，大多数功能没用过，互联驾驶、无匙进入、无匙启动、后排空调、座椅加热，手机映射导航功能最常用，其,1
我是最满意的就是车子的外形了，宝马的这个车子的外形就是车子的一个标志性的一个象征，只有宝马的车子的外形才可以做到线条如此的流畅，车身就是特别的大气。,1
舒服！特别避震性好！儿子说有头等仓的感觉！,1
舍得给油、有点小激情。,1
空间很不错，日常家用完全没有问题。,1
双门轿跑没必要跟空间较真，对比起其他双门车的话，220i绝对是很宽敞的。至于后备箱，和普通轿车没有区别，放各种运动用品完全没有问题,1
非常大，舒适！,1
带T的发动机动力还是不错的，起步加速有力,1
动力强劲，舒适模式就已经很够用了，启用运动模式更是跟打了鸡血一样，时常会想象218的5秒多的百公里加速会是个什么感觉啊？,1
配置方面多，我也没完全用完，主要用的都是常用的,1
动力十足，再不满足就加个外挂,1
漂亮,1
百公里不到八个油，还是比较省油的。,1
精准，稳定，高速过弯时会给人自信的感觉。,1
操控性给人的感觉还是不错的，回位指向什么的都很明确。,1
胎噪声偏大，其他还好,0
没什么特别之处，只是因为我选了铝制饰条，和其他人的不一样，算是一点点缀吧,1
外观大气、稳重、时尚，不失大体又有运动的感觉，空间大，坐着很舒服，后备箱还是挺大的，旅游的时候行李、礼物随便塞。内饰简洁大方，一目了然,1
ABS防抱死，发动机电动防盗，遥控钥匙，无钥匙电动启动/进入系统等等。,1
女性开的话方向偏重。,-1
配置丰富，空间大，储物空间很多，基本上每个物品都有他的归属。全景天窗大爱，超赞。动力足够给油就飞，晚上开车灯管配置较为出彩。,1
12。6吧。。作为一个3T选手这个数值已经算可以了,1
可以接受的油耗,1
1.5T的三缸机比想象的好，对于家用够了。宝马的这机器倒是新鲜。,1
对于这车来说的话还是很满意的。看和什么车比了。,1
乘坐空间在这个级别绝对没话说，总体来讲真的很不错，前后座椅还可以移动，后备箱下面还有空间，车上的储物空间也不错。,1
首次引入同级独有的光脉饰条，灵感来自大都会霓虹闪耀的夜间景象，科技感十足。可以选择繁星、潮汐、幻梦、狂想四种风格迥异的饰条图案。夜晚光脉饰条变化为富有空间感的照明装饰元素，营造独一无二的车内氛围。车内各种控制按键和显示屏围绕驾驶者布置，突出了以运动驾驶体验为中心的设计。双10.25英寸的全液晶仪表盘和可触控中央显示屏共同组成了BMW智能驾驶座舱的显示界面，科技感十足。,1
要什么有什么，全景天窗大爱,1
市区6.4升的油耗，我还是很满意的,1
日常开比较平顺舒适，没太大要求,1
没出磨合，没太猛给油，但依然换强劲。,1
加上选装件落地后的价格40W就能开上宝马敞篷车，性价比很高了！一个字，值！两个字，很值！,1
大，非常非常宽大，乘坐空间非常宽敞，储物空间充足。,1
宝马全系最大的全景天窗是最爱，老婆孩子坐在后面感觉太爽了，同事坐我的车也非常羡慕这么大的全景天窗。天使眼宝马的标志性大灯，宝马就一定要带天使眼、LED大灯没得说，都是比较喜欢的。当然还有蓝天白云的标志了做得很精致。新的车钥匙也很有范儿，刀锋的形状也很精致，特别喜欢。,1
内饰就是家族风格 有些人觉得廉价 我觉得挺有战斗气息的 看起来舒服 中控用起来很方便 我就喜欢触摸键少一些实用一些的内饰 白色装饰板很不错 大灯控制上面的蓝色装饰条点睛 不过也就自己看得见 自己慢慢欣赏吧哈哈 加红色的真皮内饰的话价格是15100 感觉没必要浪费这个钱 红内骚不过裸配的座椅材质已经很棒了,1
前排不错后排俩人，要舒适的话就两个人一条狗,1
就是座椅布料差，让车的档次降低了点！有点遗憾！,-1
电子手刹，阻尼按键完全宝马品质。,1
空间在这个价位的敞篷车里面已经是没有对手了,1
内饰方面，相比于奔驰的很多圆圆的元素很Q萌，宝马的显得更简约大方，低调又透露着品质，两个字来概括就是耐看，还有皮质缝线这一点，很有质感，让人感觉瞬间LEVEL UP了。,1
偏贵，40w左右还行,0
仪表盘没有自发光,-1
前排比较麻烦！两个水杯放上手机钥匙这些就没位置了...只能放门板下面的储物格子里。放,-1
宝马的操控我就不多说了，谁开谁知道，指哪打哪！就算速度快一点过弯都感觉信心满满。,1
220的动力绝对算是够用了，要澎湃一下也有了。国内2系敞篷最高也就这个动力了，没有办法追求更多了。如果需要的话可以通过刷ECU到228的动力，不过长期使用肯定对发动机有所损伤的，不推荐。其实敞篷就是慢慢开，在马路上吸睛就行了。三个模式区别非常分明。ECO转速抑制的很好，且能在松油门的时候自动降到800转速滑行，此时只有1个油耗。ECO还有个驾驶模式分析功能，能帮你检测你的开车习惯是否良好，有5星打分的。在急刹车或者急加速的时候都会给你提示，让你缓点踩。要激烈的话，ECO深踩也有非常棒的推背感。Comfort模式比较正常，想快能快，想缓能缓。Sport模式稍微激进点，会自动关闭发动机启停。油门响应非常细腻，一点点油门的变化都会影响车速。开起来很刺激。尤其敞篷后红灯地板油起步，非常拉风的感觉。,1
外观比较呆萌，我自己还是比较喜欢。哈哈，白色的挺好看。,1
外观大气，我选的白色，当初喜欢棕色，也适合我这个20多的男人，比较稳重。,1
空间吧，不过谁在意呢，三口之家够用,0
动力表现是非常不错的，节能模式很少用，开起来的感受比较懒散，如果你非常累的话可以用用，会觉得轻松惬意，舒适模式下已经随叫随到了，运动模式还是能有一些激情的，在城市里开，这个动力水平是有点过剩的，有时候想用运动模式爽一把还得找地方，在这个级别里，我给五颗心。,1
没说的，3.0t车又小你还不懂？,1
空间确实比较一般,0
舒适性不错，除了有点单调之外，还是很满意的，没有真皮的，不过舒适度还是可以的，开着也不会很疲劳,1
空间还是非常大的，尤其是后备箱的空间，进深非常不错。,1
再给我60万，我还会买他,1
不飙车足够了 日常行驶超车妥妥的,1
这么说吧，后轮过减速带的时候，有一种脊柱要从屁股里戳出来的感觉。,-1
合适的坐姿花了7000公里才找到我靠。。。而且还是顶脑袋，我187,-1
宝马品牌本来就没啥性价比！,-1
没有性价比可言啊，如果不是BMW，这个价位可以上其他车型的顶配还有多余的米米！,-1
现在油耗是8升左右，100公里，平时都是乡镇驾驶，很满意,1
本来想买十几万的，朋友的车都20多万了，想想比这房价一辆车根本不算什么，就买了。,1
内饰个人觉得比同价位的车厚道太多了，你正常坐姿下身体能接触到的地方都是软包裹。,1
没有前雷达，在停车场小巷子里面挪车比较费力。,-1
好看特别好看，为了这个外观才买的,1
还是挺喜欢的外观，个人有点小资情节，比较适合我的口味,1
按我实际的提车价（不是填报价格哦）来说是非常高了,-1
条件允许直接上220i再选装原厂一堆诱人的配置吧！！！真心的！220的4缸和218的3缸还是有很大区别的……抛开购置税减半……差价4万还是很值得了！电动座椅！218加装要9000！17寸轮毂！218加装要8000！双出排气正常改装1000左右！剩下的2万当然就是发动机差异咯……个人觉得220值得拥有！！！,1
外观造型还是很满意的，车头造型挺有型的，很时尚,1
前脸有种俯冲的视觉冲击感迎面而来，给人的感觉不是咄咄逼人的那种不爽，而是一种强大霸道的震撼感。,1
方向盘虚位小，操控灵活。,1
想要舒适性就上5系吧,-1
车感还是不错的、过减速带坑坑洼洼的路面，减震过滤的不错。车内噪音也比较小。座椅比较舒服，宝马一贯风格。,1
大且灵活，车身娇小，内部空间却有惊喜。,1
承载方面够呛不过前排后排座人还是满ok的,1
悬架有点偏硬，过减速带震动较大，国产后座垫加厚3厘就是因为这吧！噪音,-1
熄火或发动声音大，胎噪声有点大,-1
很好看，我喜欢我的车加了宽体。回头率100分,1
舒适性 还可以，感觉减震、乘坐都有一个应该有的感觉。,1
一般,0
外观其实就是我喜欢它的原因,1
一般 毕竟40W可选车特别多,0
依旧有不少死忠粉纠结于宝马运动精神的丧失,-1
油耗目前2000多公里七个油，加上我开车也不算特别温柔，还算满意,1
内饰IP部分的搪塑件质感不好；轮毂造型不富有动感；第二排进出性很一般，放倒前排座椅时不能很快将座椅向前推，而是用电动按钮缓缓前移。,-1
bmw风格，简单干净舒服，赞。,1
外观低调不霸气，我觉得挺好的。。。,1
绝对够用.只要你想超的.基本都是分分钟.,1
空间很大，尤其是后备箱空间，用起来非常方便灵活。,1
随心所欲，指哪打那，目前没有发现操控不满意的地方。安逸。,1
这个就不需要多说了，本身就是冲着宝马的操控来的。,1
三缸低速蠕动时候抖动还是不太爽的，怠速和速度起来都还行，就是蠕动真心抖，还有就是有电子手刹没自动驻车，我去，开习惯了自动驻车了！,1
动力没压力，起步一点都不肉，中间提速也是很轻松的事儿。,1
单出排气,0
内饰细节还行，来自德国莱比锡工厂的精品，创新型的德国人做事就两,1
车子的这个操控是特别的给力的，就是车子操控的一个手感都是要比其他一般的车子开起来感觉好太多的。,1
上市那会我就很喜欢他了，外观很好看，不多想我决定买它，要买的话肯定是外形很重要,1
那还用说，没有比这性价比更好的了吧,1
天气冷了，换挡时，1到3档升档或降档时都有些许顿挫感，刚提车开回来的第一个星期就没有这种感觉！不知啥原因！还有车头太短了，看不见车头，看不见车头，看不见车头啊！宝马竟然看不见头，还是宝马么？??而且冷车启动时，速度来了，四个车门内有异响，就像是门里面有小石子在滚动一样，问了4S店的师傅也不太清楚！,-1
路感不错，方向很准，过弯的时候让你很有自信！,1
做工出众，设计上也许因为是宝马的第一款休旅车，所以感觉上有点小不适应,1
敞篷拉风程度绝对够吸睛，性价比也特别高。,1
很多选装配置如果之前都给带好，那就更好了。,-1
座椅包裹性非常好，可变转向很人性化，M方向盘手感不错,1
相当有劲，起步毫无压力，感觉是缓慢的低扭很强，随即而来的发动机声音也比较大,1
动力要说用的话是够用的，代步已经足够了，不过要是追求驾驶乐趣就还差点。,1
线条不错，很满意，看着比奔驰B舒服,1
这个车车的悬架我也没想到会这么好。在我印象当中，宝马的悬念都很硬。但是开了这段时间，特别是过减速带的时候，感觉很舒缓。,1
杠杠的，就是后轮小了点，雨天雪天慢行，跑街妥妥的,1
动力在sports 时比较强，综合不明显，在节约模式时会比较肉，无办法，节约油。,1
外形和动力,0
比较喜欢，没什么可以吐槽的,1
唯一的感受就是胎噪稍微有声音！但是平时我只要开必须离不开音乐，其实几乎听不见噪音，只是媳妇开的时候会说两句，我一般都说她“要啥自行车”。,-1
都说内饰low，我反而觉得我喜欢宝马的内饰，只是刚刚上手的时候觉得操作台的宽度比其他宝马的宽，有点怪怪的感觉开一段时间之后就习惯了也挺好。但是我就不知道为什么中央扶手要设计成这样，这个是这个车我最不喜欢的一个地方。便利性不好，也不好看。。,-1
之前开惯了锐志，我自己开起来实话动力觉得一般般，提速有点肉，但是给老婆代步接孩子上学。她是觉得够了。,0
动力平顺，随叫随到，空间大赞，性价比高。,1
空间在这个级别的跑车中来说是很好了，我1米75的个后排无压力，驾驶座位空间也足够，头部大概还有一拳不到的距离，我前排角度调整后后排腿部还有1拳头的距离，顶部坐正会顶到头，总的来说还可以，,1
空间不用 说舒适 ，大，宽阔，真没买错，还算不错。,1
配件费用极高，我的后视镜撞坏了需要4372元才能换个新的，尾灯需要1600才能换新，而且还全国无货要等好几个月。,-1
外观美观，省钱而且不失豪车的风范，开着也没发现有什么问题,1
品牌 动力 油耗,0
上坡不降档就会比较吃力。,-1
其一，动力。2系运动旅行车虽不是传统意义上的运动宝马，但是实际驾驶起来特别是调整到运动模式 S档，动力相当充沛。其二，空间。自从试乘试驾开始就很满意2系旅行车的后排乘坐空间，1家5口出行最起码不挤，不压抑！头部的全景天窗恰到好处，在这个价位中既有面子又能兼顾使用的真的不多了！,1
基本无顿挫，加速比较线性，涡轮介入较早，提速还是可以的跑,1
车子外观还是很不错的，前脸格栅处非常有特点，而且车子侧面的凹陷感更加立体，有内涵！,1
转向精准，路感直接，悬挂也正好。在运动模式下，动力配合到位，真的能指哪打哪，可以做到人车合一。,1
比预期低好多，前100公里油耗显示11.4，旅程电脑显示现在200多公里总的综合油耗8.2，300公里磨合期过了清了一次后的油耗是7.6，首保没做，没特别暴力的开，偶尔地板油,1
配置都是一些比较基本的配置吧，没有一些倒车的辅助装置真的是很不方便,1
座椅软硬度合适比较舒服，可是木有腰部支撑，隔音隔热比预期的好,1
操控，转向清晰，这一项我不知道该怎么表达，本来也不懂车，就是方向盘不重，很好操控,1
后备箱可以放不少东西，因为是防爆胎，所以没有备胎，后备箱暗格还有空间。驾驶位周围的储物格空间还挺多的。车内空间布局被大大释放了，能够更灵活地布置后箱储物空间。,1
舒适也挺好的，没什么吐槽的了，水准应该有中等偏上。,1
没有工信部说的那么省油，官方的油耗就是忽悠人的（6个油）目前百公里13个油，舒适模式下跑的。,-1
颠！油耗略高，看你油门怎么踩～内饰延续了宝马没内饰的传统，就是没有内饰～音响效果足够渣，我的老凯美瑞也比他好～n55机头温度过高，宝马的温度一向很高，不过235散热真的很差很差，赛道跑两圈基可以歇菜了～还有，没有油温，水温表，真不知道宝马怎么想的，难道对自己的车温度很有信心？难道认为买这车的人不会下赛道？每次都进工程界面调出来实在太麻烦，不过后期也是可以加装的，只不过花点钱～关于排气也是我想吐槽的一点，不知道是不是宝马想和M—Power拉开距离，即使开到s加模式换到s挡车外的声音还就是不那么大，一点不符合M套件3.0t的排气声音，车内排气声音但是会变的挺大的，因为宝马用了车内的模拟补偿声浪，这个技术现在可以说是相当流行，很多性能车都用，这样一来，排气就根本是自娱自乐的了，好听低沉有力的排气声可以唤起激情，让肾上腺素飙升??,-1
想要舒适性就上5系吧,-1
没电耳，死扣死扣的，多个电耳会死啊。内饰老套，车头没有感应器。,-1
n,0
前排很爽，后排没考虑过，目前为止还没找到最合适的位置,0
目前行驶了550公里，因为有跑高速的原因，油耗8.8的样子。,1
兴致来了就用运动模式，1.5T的动力，踩一脚油门速度就提上来了，反应灵敏不迟钝，不过也不常用，毕竟耗油。,1
挺高级的，很满意，布局也很实用，没什么麻烦。,1
车头很宝马。其他没太多亮点。但是，但是，但是，一个敞篷搞定所有对外观的要求。要的就是不一样，就是装逼来着。。。,1
悬挂略颠，特别是国内这种到处修路挖坑的路况，和我之前的CX-5还是没法比。,-1
舒适很好，舒服自在，自由吧,1
本来想着它的油耗会偏高的，因为是德系车嘛，但是开了一段时间了还是很不错的，正常水准都可以承受住。,0
舒适性是最不满意的一点啦，整个硬邦邦！肩周炎都要犯了。不过配上腰枕应该会好很多。看在它拉开敞篷的那一刻的拉风，一切都可以被原谅??,0
静音效果很不错,1
车身还是挺重的，到起步不错，可能跟我之前开的是1.6自吸有关吧，1.5T妥妥的够用了！说到大家说的顿挫，可能大伙们之前开的都是好车，比较敏感？我之前开的4AT，这点顿挫真不算什么。,1
超车完全没问题，前段加速干脆流畅！后段加速乏力，但是在市区开的话不是飙车族的都是完全够用的！,1
听销售说，底盘悬挂貌似和MINI是一样的，是前驱车里底盘最好的,1
最满意这个车子的那就是车子的外形了，是好多的人都一致认为的好看就是那个天使眼的大灯，我也喜欢。,1
外形很年轻化，内饰布局设计特别的好看，很喜欢,1
凑合,1
空间很大，无论是头部空间还是腿部空间都比较宽松,1
踩刹车会有异响，总感觉心里毛毛的,-1
可以接受,1
舒适性不错，除了有点单调之外，还是很满意的，没有真皮的，不过舒适度还是可以的，开着也不会很疲劳,1
埃蓝的颜色现在有点烂大街 但是小地方也还可以 够骚包了 天使眼非常醒目 尾灯就是倒车灯难看了一些 白色的 不过不倒车别人也看不到 整个车前包围挺凶的 比起m2来说是差了点意思 不过毕竟人家真的是m 还是要做出点差距来的 轮毂的话视觉效果也一般 比起m2的轮毂差太多意思了 哈哈哈 就是迷恋m 要不是米不够 m2毫不犹豫 买了235才知道小地方早就有m2了 还是低调一点好了 还是想念心心念念的矿石灰 m2能够满足全部需求,1
舒适性嘛，怎么说呢，仁者见仁智者见智吧。,0
百公里不到八个油，还是比较省油的。,1
配置有点奇葩，该有的没有，不常用的就有,-1
只能说1.5T可以满足日常基本需求吧，想要驾驶乐趣，就考虑2.0T版本的吧跑,1
线条优美，宝马最让人诟病的尾灯设计在这款车上彻底改变了，变得很时尚动感；软顶敞篷的设计更有敞篷车的感觉。只是前档设计使视野小了些，刚开始不习惯。,1
车子的舒适度很好，软硬适中，也不会有过度的弹跳。,1
外观漂亮，回头率超高。动力强劲，省油。运动气息浓厚，年轻人的菜。,1
庆幸自己买了四座的跑车 空间足够了 购物袋足够空间放 如果是两座那可惨了,1
前减震过较高的减速带时有异响。过坑的时候感觉避震器太硬。,-1
油耗，还行，能接受，德系车是高一点，不过也没差，自己也不怎么跑，油耗是可以接受的，不算高。,1
高级车咱也没坐过多少，这个价位级别里，算是不错的了。,1
我觉得这车开车7.8的油耗是真的不高，相当可。,1
没成家，99%的时间都是自己一个人开，我181cm，但是后排空间相对而言我还是很满意，我前排调整好位置后坐到后排差不都还有4指左右的空间，好像我身边一圈子人都没我高，所以空间不拘谨,1
车子有一个我很满意的这么一个大的空间，用起来就是很爽的，车子的空间要是大的话真的是会用起来特别的爽的，车子内部的空间反正是特别的大，旅行车的意义也就是在此，空间大嘛不是。,1
1.5的动力绝对够用了，提速快，时速120后有所放缓，但也可以继续加速。一般超车无压力，基本2000转内超车都游刃有余,1
车身还是挺重的，到起步不错，可能跟我之前开的是1.6自吸有关吧，1.5T妥妥的够用了！说到大家说的顿挫，可能大伙们之前开的都是好车，比较敏感？我之前开的4AT，这点顿挫真不算什么。,1
在运动模式下起步速度很快,1
可以,1
好开好停,1
很好啊，觉得硬的每天睡在棉花上嘛，只要你没到骨质疏松的份上不会觉得硬的，你的注意力都在驾驶上呢。,1
车子的性价比在我看了是还可以的，我是真是满意的，花了个低价钱给我买了一个这么好得车子很不错的呢。,1
360确实是有理有据的，首先这车令人满意的地方真的是很多，比如六座的空间，车内座椅调节功能，设计的比较人性化。,1
前排与1系一致，可以接受，后排还能坐人，凑合,1
宝马的操控根本不用多说，就是很灵活，跑着自在。跟朋友约好了出去玩，都愿意坐我的车，坐着舒服。,1
作为一台紧凑级别的车，后排空间有点夸张。,1
我是16款192匹…但是2系车小，也算轻，城市用足够了，偶尔还是有点小激情…,1
车子的内饰看起来感觉一般，尤其是在用料方面基本上都是塑料感觉不是很有档次。,-1
之前开的1.6 POLO能开到10个油，现在开的220i是9.8个油，所以我觉得还是算省油的。,1
该有的配置都有，目前这车还很少开,1
没有真皮，内饰一般,-1
BMW一直在操控方面视为代表品牌，相当不错,1
行驶舒适和安静，驾控出众做工缜密，动力足够，比肩3.0更有性价比,1
空间的话对于这个车子绝对的就是一个亮点的，车子的空间是特别的大的，不管是哪一方面的这个空间都是很好的，就先说一下车子的乘坐的空间，前后两排都是很好很大很充足的，再一个就是车子的储物空间，这个车子的储物空间设计的很到位的，特别的合理，很方便的，后备箱是很可以随便往里面塞东西的额，真的是随便塞啊。,1
除了胎噪其他都还可以。,0
油耗8 还是很不错的 满意,1
这款车空间比较大，主驾驶座放到最后后面还能坐下一个大人。开车视野比较宽阔，看的比较清楚。油耗不是很高。总体比较满意。,1
动力够，提速也挺快，虽然上了高速超车比较慢。,1
外观非常漂亮，前脸也是典型的宝马风格。,1
挺时尚，大爱墨尔本红,1
我们家的人不高不胖，这空间还是够用，大到乘坐空间，小到储物空间都没有什么问题的。在车内想怎么坐就怎么坐。,1
车子看起来真的显大，但转向挺灵活的，过弯也很轻松，开起来也特别稳。,1
减震过硬，中控不能播放视频什么的,-1
没说的，3.0t车又小你还不懂？,1
油耗感觉适中。,0
通风一周，就OK了。很不错！！！开车换车至今，从未有过的经历。,0
起步须给油，速度上来后提速不错，城市通勤上高速都没问题。加速,1
领先版的内饰比较粗糙。没有亮色面板和氛围灯。织物座椅也很low。这点实在是糟糕，20w的车，怎么也要上个仿皮吧,-1
绝对够用.只要你想超的.基本都是分分钟.,1
这个品牌性价比还是可以的，还有就是性价比，比的是购买价格与个人的心理预期，这个真的不好说。仁者见仁智者见智！作为一款功能性更强、家庭使用更便利，同时也具有品牌价值的紧凑型豪华车，这个价钱也并不算昂贵。选装,1
内饰就是简单了一点，我又买了一些装饰，看上去是比较好了，这都不是太大的问题，某宝都可以解决的。,1
绝对超高回头率,1
外观依然要说，而且不需要用过多的语言描述，宝马很吸引女性,1
外观我个人认为是耐看型，旅行范，喜欢，我又改了灯，加了透镜两只眼睛很好看，大爱外观,1
目前车子的油耗在八个多，感觉在市区驾驶能有这个油耗还是可以的。,1
eps故障灯提回第二天就亮了，打电话给4s，他们说下次保养的时候帮我解码就好还是不爽。,-1
宝马品牌，空间大,1
外观大气稳重，虽然没有什么亮点，但很是大气耐看。,1
又要谈内饰了，一谈内饰我就想流泪，其实内饰的设计还是不错的，功能也很简单好用，就是用料太差，太显廉价，那个车门...算了还是不谈了。值得一提的是这车有感应雨刮功能，那个灵敏度调节开关真心不好用，你想升一个档结果一掰，就上去了两三个档，实在是太低级了，不过新款的用料至少是软塑料了，听说老款还是硬塑料，还是知足吧。,-1
做工还可以，用料也还行。,1
内饰吧！这都一些什么玩意不能学学人家奔驰奥迪的?,1
最不满意，车子对于我来说犹如小时候新买的玩具，因为新，还处于新鲜期，所以我并没有什么不满意的。,1
主驾驶的座位空间很宽敞，后排在坐满三个人的时候不管腿部还是头部空间都很大， 一家人座得很舒服。储物,1
绝对足够。后排能坐人,1
外观肯定是好看的啦，再加上质感十足，车子变得更加有美系的风格了，而且有运动外观套件的加持，看起来整体足够帅气。,1
有时候觉得挺帅，有时候觉得有点土肥圆。这个价位不能给你造太好看了呀。而且照顾到后排头部空间造型没办法太好。,1
有这样的外观，还有这样的内饰，哥已经很满意了。,1
城市里1.5T基本足够用，对我来说是够了，毕竟买它也不是飙车，开启运动模式地板油还是很给力的，不信自己试试就知道。,1
前面和后面很符合国人审美观，家族特征明显，但是千万别侧看，你会吃不下饭的。和五菱面包没啥区别,0
动力不自夸特别棒，但是绝对够用，爬坡、上高速就没有怂过，输出还是特别的稳定。,1
中控科技感很强，是我比较喜欢的风格，不会太花俏，做工中等，用料厚道。,1
油耗还是很满意得，百公里才八个油。,1
完美,1
一家三口问题不大！后排上了儿童安全座椅！但直接插是擦不上去的！因为后排中间杯架这块是凸起的！是要上延长扣才能装上.两人坐很宽裕！非常宽裕！乘坐,1
太骚，回头率百分之百 ，开着去菜市场买菜老板娘眼里都透着欲望看车。,1
空间上是我最满意的一点，“容纳你世界”不是说说而已，从外观上来看，看着不是很大的样子，但内部空间设计上能很充分的利用起来，特别是后备箱的空间，可以塞好几个行李箱，下面还有暗格，当然，我并没有那么多行李箱来做实验，所以只能目测啦。如果需要塞大件的或者行李超多的时候，后排的座椅还可以往前折叠呢。,1
动力自然是不错的，油门一踩，动力立刻就跟上来。,1
外观空间这些我都觉得挺满意的，逼格很高，一地那都不像十几万的车，性价比蛮高的。,1
副驾侧雨刮器千万别拿起来，会伤到机盖车漆，别问为什么，已经吃过亏了，胎噪有点大但放着音乐的话可以无视，高速还没感受过，其他的就都还好吧,1
这么说吧，后轮过减速带的时候，有一种脊柱要从屁股里戳出来的感觉。,-1
还好，过得去，就是地盘有些偏低，过一些不平整路面时有托底的风险。,1
原厂控,1
造型拉风，2.0T挂SPORT动力妥妥的,1
就是冲着外观买这车,1
本人178 前排完全没有问题，后排的话头部略显局促，但整体空间还可以，后排偶尔坐两人也是没有问题的！,1
操控方面一直是宝马的强项，这点不容置疑。,1
内饰中庸大气，偏实用方面，还是挺不错的,1
最不满意的地方应该就是换挡杆吧，因为开关了电子档，这个还稍微有些不适应。,-1
内饰的做工和设计几乎完美，每天都想早点进车内欣赏眼前的一切。,1
我买的是标轴，空间还是可以的，符合B级车的标准，满足我的需求，长轴的空间给我感觉就有点过剩了，为什么一定要翘二郎腿呢，储物空间表现算是中规中矩吧，就是中央扶手箱的空间感觉小了点，只能放个墨镜，这车也没配备眼睛盒，所以基本上放不了什么东西了，手套箱的空间还是比较大了，最满意的是后备箱，本身空间就非常大了，在加上可以放倒，偶尔拖点大件都没有问题，总之，标轴的空间并不是短板，而且原汁原味,1
宝马的操控还用说？非常好，在山道操作非常顺手。,1
我很喜欢啊！简单又大气。手感,1
内饰做工还行，但是细节方面就有待加强了,1
方向盘不是特别精准，歪一点并没有改变方向,-1
这个价位买个宝马代步，晚上出去耍，还是可以的。,1
我喜欢它时尚的外观设计，非常耐看，也很大气。,1
空间很不错，日常家用完全没有问题。,1
空间一定给满分，因为后面太适合我拉东西了。平时一家出去刚好坐满，也不得超载。,1
舒适性总体还是相当不错的。底盘调校也比较适中，对过减速带或较差路面时，颠簸不是很大。,1
内饰就是宝马的一般内饰，还可以,1
很宝马，朴实无华手感,1
毕竟3.0T好歹20个以下就行，我开车都是本着开三年就换的目的反正五六十万这点小钱几个月就有了,1
出乎意料的省油！,1
外观没的说，买车就是看外观去买的，我是外貌协会的。车子性能啥的不关注。帅气就行，犀利的大灯以及前脸,1
方向只有一圈，以前没开过其他什么车所以操控没法评比，不过新手很容易上手，C模式下方向盘比较轻，S模式就挺重的,1
说实话1.5T八个的油耗，还是有点高的，毕竟我都是加的95号汽油的，而且也没有很激烈的驾驶，希望过了磨合期之后可以下降一些城市路段,-1
可以起飞,1
宝骏那么多车型都有1.5T的动力，360为啥没有？,-1
安全配置比较主要，上坡辅助、定速巡航等等,1
肯定越便宜越好，谁会嫌东西便宜呢。但是平心而论很不错了。落地不到60买个直列六缸，这买卖哪儿找去。,1
空调制冷温度不够足，这是与日系车做的比较噪音稍大，可以后期自己到汽修店做些调整，不是大问题。避震硬、路感清晰，操控不错舒适性欠佳。选车,1
没话说，一级的！个人比较喜欢硬点准点的调教。,1
1.品牌好能满足我的虚荣心 2.油耗低跑高速开到6.2升油 3.空间大能够满足一家五口出行同时带很多东西  4.操控还是不错的  5.视线很好特别是A柱的小窗子,1
出行比较方便吧，带上父母一起。,1
地盘紧凑，转向也蛮准，comfort模式下略轻,1
作为观粉，我给了所有项目满分，但是问题不能被忽视，。,1
宝马车操控都很好吧,1
本人身高190＋，空间坐包括我在内的4个成人毫无压力，但绝对不会给你宽敞的感觉。内部空间和整车体积比是这辆车的优势，发动机横置和前驱贡献了较短的车头，提供了尚可的空间后车长仅4米3，这也是我买这辆车的重要原因——停车方便。后备箱空间不算大，但好在灵活多变，把有限的空间利用到极致是我对这辆车空间的总体评价，无论是零件的装配还是装载设计。,1
动力够用，外观拉风，有着不错的实用性，操控绝对给力,1
性价比很好了，同城点我也比较过，这个价格他们没有。这个价格销售顾问给出来很不错，很感谢销售顾问！,1
实话车子的油耗可能稍微有一些偏高，也没有办法,-1
空间我是挺满意的，宽大的内部空间，很合格,1
动力输出很平顺，不过堵车的时候有点点顿挫。,1
"单人单车，城市拥堵，匀速20。动力有些冲，1-2,2-3上档有明显顿挫，建议会完的老司机补脚油新手就轻踩油门，堵车跟车转速别过1800",1
反正我喜欢这种圆乎乎的外形，虽然很多人说这不太像宝马风格,1
动力还真的是不错的，果然啊，宝马的车子动力就是不一样的，也是不然怎么那么多的人都是梦想着能够开一开宝马的这个车子呢，还是有理由的啊，它的这个车子的动力输出是特别的稳定的，真是很稳，开起来特别的舒服，自己就是都可以很明显的一个感觉，动力是很好的，加速也是完全的没有任何的问题的。,1
在市里9个油左右吧，之前开着空调。现在跑了1500公里左右，平均油耗9个油左右。,0
千万不要被娇小的身材迷惑了，空间巨大啊,1
座椅的设计和布局也很合理，软硬程度也很好，空间也刚好够用。,1
后排小，不过预料中，油耗也不低,-1
动力好方向精准，空间更是没的说，底盘扎实，操控感强,1
做工用料不错都是软的感觉，摸上去质感还是不错的，中控款式是宝马的新款式给个赞！,1
进入11月份，天气冷了之后，存在热车抖动情况,-1
宝马品牌本来就没啥性价比！,-1
：过弯的时候车子非常平稳，基本感觉不到明显的侧倾现象，而且座椅的包裹性非常好，软硬适中，长途驾驶坐久了感觉也不会那么累。跑高速再也不用担心爆胎这种问题啦！长途行驶中，平稳的车身让同车的朋友感觉不到颠簸，在后排睡的很安稳嘛。,1
油耗方面，可能是在磨合期内，所以还是有点高的，希望后期可以降低一点，这样就更好了。,-1
缺点没有什么发现。,1
最满意灵活好开。,1
宝马耶 你想舒适性能差么,1
动力平顺，平时开起来超车都没什么问题的,1
座椅皮质好，包裹性很好，座椅厚坐着舒服，空调制冷效果好开关方便。,1
虽然马上出来的240 b58的发动机好像很有诱惑力 数据方面都看着很棒 但是我想说买车还是个性价比的计算 现在235 n55的发动机 235kw 320匹马力 450n的数据其实已经非常棒的 对很多人来说都是动力过剩的 动力方面的话自己够用就行 本人只是对动力要求稍高 但是喜欢6缸的感觉 所以430和235还是毫不犹豫地选择了后者 走高速的时候 车子也非常稳 超车只是点一下油门的事情 开了sport以后的回火声 就会让路边的大叔大妈说这台垃圾改装车真吵 哈哈,1
外观我老婆 很喜欢，车身钣金能达到应有 水平，尤其是侧身很新颖，很动感。,1
坐过华晨的，味道刺鼻，进口也好不到哪去，内饰味道也挺大，容易得癌症，女朋友坐一个小时不开窗就头晕。不得不经常开窗，秋冬又很冷，这点很折磨人，这就是目前我觉得宝马最恶心的地方,-1
就说这个车子吧，别的其实都还是挺好的还，但是就是当时买的时候的价位吧，我是不是很满意的，没有一个比较让我很开心的折扣，买这个车子还是我顶着压力给拿下的，要是有点优惠就好了也是。,0
最满意应该是驾控感受了，虽然是前驱宝马，但开过依然是很宝马的味道，油耗和舒适度也真的不错。空间大也是它的优点。,1
没有什么不满意的暂时 就是最喜欢的矿石灰在国内找不到 买的时候就已经接受没有电耳 倒车影像 定速巡航了 爱就爱她的全部,1
配置丰富，空间大，储物空间很多，基本上每个物品都有他的归属。全景天窗大爱，超赞。动力足够给油就飞，晚上开车灯管配置较为出彩。,1
内饰还好,1
够我驾驶位就满分,1
"相信购买2系的人来说空间早已经不再重要了;我买双门车也是为了不后排不载人,2个人坐空间足够了.",1
外观没得说，符合我的喜好。一直喜欢两厢车，从未改变????,1
空间一般般，这车也不是要求空间的，主要是喜欢这个设计和比例大小吧，操控好,1
舒适性很好，也是非常满意的车，体验很不错，是本人比较喜欢的敞篷车,1
买车没优惠显得没多高性价比，不过对于这车来说，61.5万落地我觉得值了，这玩意太主观，每个人环境和看法不同，没啥可写的,1
动力表现一般，感觉马力还是稍微小了一些。,-1
后备箱的空间也还行，特别是别的车型以往放备胎的地方现在变成了隐藏的储物空间，不错！驾驶室的储物盒子也挺多的，方向盘下方，副驾驶下方都有储物空间的！,1
方向感比日系来的精确底盘及,1
领先版的内饰比较粗糙。没有亮色面板和氛围灯。织物座椅也很low。这点实在是糟糕，20w的车，怎么也要上个仿皮吧,-1
前悬架较硬，路面颠簸很直接。,-1
外观不错，敞篷，就想要一部喜欢的敞篷车子,1
目前行驶了550公里，因为有跑高速的原因，油耗8.8的样子。,0
座椅，头枕的软 度还是很不错的！要是座椅的 坐垫长度再加长那么一点点就更好了~,1
后排的空间比较小，只能坐两个人，中间有一个很硬的盒子。前排空间绝对足够了，也有座椅记忆很方便，调节的角度也有很多。,1
减震很给力，很是喜欢这车。每百公里只要8.9升油。,1
自动收纳反光镜（不防炫目）、无钥匙进入、后桥差速器、轮毂17寸而非235的18寸等。不过这些并不是我所看重的，对我而言动力、品牌、价格都满足的情况下，这些都是可有可无。不过配置上有一个问题本人很不理解，就是启动自动打开空调，每次都要手动关闭很恼人，貌似宝马车都是这样。,1
外观没话说，必须拉风，在配上蓝色路上回来率还是有的,1
电子手刹，阻尼按键完全宝马品质。,1
不满意的是这款车的内饰做工感觉还是比较粗糙，不符合这个价位的品质。,-1
满意,1
空间很好，后排坐的很舒服，车子的发动机声音挺小的，风噪胎噪不算大,1
前排舒适性很好，后排也还可以，但是大个子不行,1
操控方面一向是宝马的强项，方向盘握起来手感真是很棒，内部操控也非常的简单，全车的安全稳定性也很好。,1
没有想象的那么不舒服，刚开始开感觉还不错，座椅包裹性很好也很舒服，不过时间长了腰还是有点累。,0
变速箱啊，不开不知道，开了才知道什么叫顿挫了。,1
前后排头部侧气囊，前后驻车雷达，电动天窗，行车电脑显示屏，运动风格座椅，座椅高低调节等,1
外观各有不同，每个人的观点都不一！最开始第一眼确实没有相中，不属于一见钟情的那种吧，而是日久生情咯！做工,-1
空间还是可以的，我一米八的个子做到驾驶位上后排再坐一个和我差不多的绝对很宽敞。,1
M套内饰、方向盘等勉强还行。,1
介绍上说同级别中最大空间，最大轴距，我去看车的时候，也觉得是真的很不错，后备箱还可以拉货。,1
满意....起步加速不错……方向盘手感好指向精准,1
新车提车到现在开了不到两千公里，还在磨合期。所以油耗比较高，不过也能接受。希望首保之后能有所下降吧。,1
前后侧头部气囊，倒车视屏影像，定速巡航，电动天窗，运动外观套件等,1
内饰一般，对内饰也没多大的要求。,-1
外形好，肯定第一点就是车子的高颜值啦，真的是太好看了，车内设计科技感强。,1
外观仁者见仁智者见智，很多人不喜欢这种厢型车所以说最丑宝马，我一个朋友说奔驰B也丑，他们不喜欢厢型车！,-1
精准,1
比较灵活，转向也轻，避震比较结实，稳也不硬。,1
花钱买了宝马让我最满意的那就是车子的这个性能了，果然是好的车子开车开着的感觉都是不一样的，车子的动力输出特别的流畅，并且车子的驱动也是很好的俄，跑起来很不错的旅行车。,1
车子的这个性价比的话，那就是说一般吧，价格毕竟也是在那里的，接受起来也不是说对于我来说多么的轻易，反正就是不会很平价是真的。,0
大气的前脸，整车很有年轻感加运动化的元素，精致帅气。,1
家人都满意这个空间表现，乘坐够用,1
当然是打开蓬后路人投来的目光喽,1
外观感觉比途安要强，特别是标志哈哈，运动版轮毂也比较喜欢，正在考虑要不要贴车贴，网上貌似没有太合适的。朋友们推荐一下吧。不给满分应该是自己还是感觉尺寸比较小吧,0
还不错，至少我喜欢。,1
很多人觉得不值。。但我觉得值了。就是互联导航太贵。。不舍得 加装。。如果加装之后的价格我就觉得不是很值。。只选M套件的话我觉得是蛮值的。。因为宝马玩选装。。预算充足就选装吧。。预算不足就买低配。。,1
很好，高配的避震，稳的很，可以理解为逼格，不影响使用,1
我对这个车子不满意的那就是车子的那个里面没有给配置导航，就是一般来说的十几二十万的车子给配一个导航系统的话是一个很正常的一个事情的，不过就是车子到了宝马这里还是没有这个待遇的，就是车子是一个低配，不过不给配导航这一点还是很不方便的对于现在来说，就是我们的生活走到哪里都是不能够少了导航的带路的啊，交通现在是越来越复杂了，真的是不是很方便的，所以我就是对于车子的这一点有不满意的意见的。,-1
传统的宝马内饰.依然那么的亲切.哈哈.,1
内饰实用大方，空间够用外观耐看 品牌力度强。,1
隔音不错 轮胎薄，但是不管开还是坐都是挺舒适的，别碰到大坑就好,1
用料还算厚道，但是宝马的内饰设计真的太平庸了，重点是仪表盘，要不要那么难看啊,-1
我开车也是比较平稳的，指向精准，驾驶感受偏舒适,1
动力充沛，整车的操控很灵敏，舒适度还可以，安全性也很好。,1
发动机与变速箱搭配接近于完美的结合，8速采埃孚除了低速15km左右有顿挫，其他速度区间表现良好。平顺性仅次于CVT。 3:算是比较拉风的外观，墨尔本红骚气适合女性驾驶，毕竟车是我老婆开,1
符合宝马的特点，希望宝马把内饰再加强下，不然要被奔驰爆了,-1
外观感觉比途安要强，特别是标志哈哈，运动版轮毂也比较喜欢，正在考虑要不要贴车贴，网上貌似没有太合适的。朋友们推荐一下吧。不给满分应该是自己还是感觉尺寸比较小吧,1
空间够宽敞，储物空间也足够大。多功能座椅为家人的出行提供各种可能，周末出去玩时，后排座椅放倒后备箱可以放下很多行李。我主要是市内开开，接送小孩，后排坐三个人也不感到拥挤。,1
宝马的操控水准不需怀疑，虽然是前置，但指向精准，几乎没有虚位，变向和超车都比较轻松，都是在城市里开，高速暂时还没上过。底盘比较硬，过减速前排很爽，后排可有点苦，颠簸较大，平路驾驶还是很舒适。总之底盘韧性十足，还是典型的运动校调，开起来会觉得车子很厚重。车身高度较高，对操控有点影响。,1
个人认为宝马从来不能靠内饰取胜，放弃这点吧，绝不会惊艳，也不难看，中规中矩，方向盘很赞，值得夸一下。跟风自己买了原厂碳纤维内饰（其实原配也挺好看）,0
操控很不错，转向轻松，油门刹车都挺灵敏的，底盘调教也不错,1
拉风,1
号称宝马近10年来最经典之一，我不懂前辈体验，就这车来说，我用随心所欲来形容,1
刚好又碰 上我是新手，倒车吃力。不过，等我的驾驶经验逐步上来，应该这个问题对于我来说，就不再会是个困扰了。,0
座椅舒适度不错，没走过烂路，感觉悬挂不算硬，空间够大，坐后排感觉比较舒适。,1
低速拥堵路段，驾驶感偏重，隔音 不是那么好,-1
一家人都是大长腿，后排座位有点短，好在不是经常一家人出行，不然长途跑可能会有些累，不过还是可以接受的,1
底盘偏硬，我蛮喜欢这种运动风格，不过家里人觉得路感比之前大众的明显,1
很有层次感，虽然比不上奔驰那么精致，不过也挺好，喜欢现在这个内饰，也不像很多人喷的那样内饰如何如何差，个人是比较喜欢的。,1
跑街完美，赛道车身侧倾有点严重，发卡弯推头，但是可以带刹入弯让尾巴非常灵活，尾巴可以很听话的抑制推头保持过弯姿态。总的来说很完美。我认为不是周周跑赛道追求成绩的话悬挂不改也行的。,1
全下来不到28，还算不错的,1
还用说么~高速方向盘也不会发飘~很有底气往上飙~就是怕拍照,1
好看特别好看，为了这个外观才买的,1
外观,0
配置这块我觉得还不错，很实用。,1
动力总体是能够满足我的日常需求，毕竟现在市区的路况大家都是知道的，堵成了狗，这动力还有卵用,1
"内饰简约不简单，很高级的感觉,不浮夸,科技气氛浓郁，给我视觉效果果真是如痴如醉，10.25英寸的触控液晶屏，内置功能丰富，看着挺精致的。",1
百公里八个多油，还算是不错了。,1
之前的车是尼桑的骊威1.6自然吸气排量   所以2系的动力完全够用特别是调到运动模式动力感觉源源不断,1
省油模式慢慢开 一般7-8个油左右。。想稍微快点的话 8-10个左右。。猛开目前还没试。。,1
初看有点不习惯，感觉车头低下去，看多了觉得还行，比较耐看！,1
动力十足，绝不是一般的1.5T双离合能比，发动机和变速箱的调校绝对到位。节能模式够节能，拥堵路况也很省，普通模式不普通，穿街过巷有一手。运动模式有激情，超车劈弯不甩尾！,1
整体良好，包括前排座椅包裹性良好、软硬适中，后排靠背舒适；大天窗带来好心情。胎噪略大，但能接受。,1
速还可以，就是等红绿灯的时候起步不是太快，跟车距离落的有点远。,-1
车子的这个性价比的话，那就是说一般吧，价格毕竟也是在那里的，接受起来也不是说对于我来说多么的轻易，反正就是不会很平价是真的。,1
乘坐空间很大，后座家里两个老人再加上一个小朋友也完全没问题啊，当然了悬挂如果再软一些，那就更完美更棒啦！,1
感觉略lower，可以提升一下，前面的操控感觉不够档次，貌似宝马的车都这样，个人喜好吧仪表,-1
噪音。防爆胎和减配的隔音，实在无敌了。另外订不到车，很勉强接受了时尚版....,-1
内饰虽然谈不上豪华，但是我觉得非常精致，这个内饰个性十足，内饰档次感不会减分,1
高,0
一般般了，很多人这价位选三系或五系了，所需不同,0
油耗还行，省钱,1
一个人用完美，就是有时候带同学，上下后座的时候总踢到车子挺心疼。一个或两个人坐的舒舒服服，直通装载带多少行李都装得下。真玩的开的话带四条轮胎也是可以的,1
高速超车、刹车均比家中的逍客好的多，稳定性比起日系车要好得多横向,1
方向盘手感很轻了，开着就是舒服省心，开长途也不觉得累。,1
感觉造型还是比较时尚，无死角；关门感觉们比较厚重。车灯,1
内饰超然吧，本来就不是很注意这种，自己看得舒服就行了。,1
座椅皮质柔软细腻，填充物软硬适度恰到好处，自驾游也是没有压力的。,1
都说外面看着不大，但里面坐起就舒适多了。宽敞，后排空间也足够。,1
加速很好，调制运动模式百公里加速应该比官方要快,1
还是比较满意的，我现在还没过磨合期8.3/100公里还可以接受,1
悬架偏舒服对细小震动过路很好，过减速带有点声音，后面有点颠！,1
转向清晰，指向精准，极速过弯不会有很强烈的偏离感。,1
后备箱可以放不少东西，因为是防爆胎，所以没有备胎，后备箱暗格还有空间。驾驶位周围的储物格空间还挺多的。车内空间布局被大大释放了，能够更灵活地布置后箱储物空间。,1
百公里5毛现在，郊区市区高速公路混搭。人家多少和我不搭界，我的油耗。,0
缺点是悬架太硬，走烂路时有点坑啊！,-1
手套箱(副驾驶侧)-设计不合理或不易操作                                    内装材质易磨损,-1
前排比较麻烦！两个水杯放上手机钥匙这些就没位置了...只能放门板下面的储物格子里。放,-1
双门、无框、天使眼、小翘臀，俩字完美,1
噪音比较大、座椅硬、不舒服,-1
车漆有点薄，做工嘛，车内部分地方用手晃都可以晃动！,-1
这个车的外观，很帅气，溜背造型，然后空间够大。内饰够厚道。,1
线条不错，很满意，看着比奔驰B舒服,1
颜值必须高，从头到尾没毛病,1
目前还没有发现有什么小问题，等以后发现了再来补充。,1
可以，这真的很宝马。虽然相比原来算是有改进的了，但是已经还是宝马的那些个东西。内饰和豪华完全没关系，够用就行吧。,-1
启停太过频繁，虽然不刻意听没什么感觉，但取消用户选择权确实不该，希望发动机能耐用,-1
B20B20B，ZF8速的变速箱，放在这小车上还是很合适的，现在还没过磨合期，我也没狠踩，因为车轻，所以感觉动力足够了,1
太宝马，不能学学奔驰的豪华么,-1
浓郁的宝马家族特色。,1
操控精准，指哪打哪,1
除了胎噪其他都还可以。,-1
提速不错，自动档轻松完成0--120提速，只需一脚油门即可,1
空间不错，动力全新，油耗比较低，行驶质感很好。而且价格实惠，视野好，装载能力也不错，停车也方便。好开好停,1
主驾驶的座椅舒适度真的超级差，从泉州开到厦门，70公里吧，脖子酸到不行。不过这是轿跑，真的是以驾驶乐趣为主，要舒适度的话，还得是轿车。so，这里就不怪他了,-1
空间，还是空间，这也是买它最主要的原因,1
市区跑跑够了，杭州这么堵，马力大也没用,1
本来想给一分的，怕被黑。 认真说，头太短，真不好看。只能努力看习惯。 其他都还勉强OK吧。就头！车灯,-1
舒适性不错，除了有点单调之外，还是很满意的，没有真皮的，不过舒适度还是可以的，开着也不会很疲劳,1
空间很大，后排跷二郎腿也不麻烦，正驾驶座椅调整好，本人183身高大概还有两拳三指左右，座椅挺舒适的,1
其实真的挺舒服的，座椅包裹性很好，前提是进出性也很好。前排空间充裕。NVH很好。音响一般。后排不算噩梦，短途问题不大。,1
配置方面可以再高点，价格要是低点就更好了，最好再送点礼品就更好了,1
都挺好的。,1
：过弯的时候车子非常平稳，基本感觉不到明显的侧倾现象，而且座椅的包裹性非常好，软硬适中，长途驾驶坐久了感觉也不会那么累。跑高速再也不用担心爆胎这种问题啦！长途行驶中，平稳的车身让同车的朋友感觉不到颠簸，在后排睡的很安稳嘛。,1
坐人宽敞、车震正好、拉货别想。,1
"表现12,但感觉不太准，提车到现在，基本市区。跑过两次高速和几次国道，加了1900块油，油价一直在涨的。油耗还是挺满意的。",1
清晰易读，不花哨，科技感比奥迪差了那么一点异味,-1
发动机启停技术、上坡辅助、ABS防抱死等等。,1
漂亮，双肾的造型，我是很满意的，本身就比较喜欢宝马的造型，符合我的口味，必须点个赞。,1
感觉有点硬，后排应该还好,-1
外型,0
座椅坐着很舒服，空间大没压抑感，坐我的车简直就是享受啊，哈哈哈。,1
外观没得说，符合我的喜好。一直喜欢两厢车，从未改变????,1
既然选择了235，选择了两门，就不在意空间了，可以说空间还是够用的，比想象中的要好，后备箱也可以了。,1
大天窗，采光好，心情好的时候就开出去溜溜，看看风景，静静心，觉得阳光洒在车里十分安静。有时候到家楼下了也愿意在车里呆一会儿，要么听完放的歌，要么就单纯的坐会儿。,1
优点是豪华低调，然后车子的动力和后备箱空间也不错，起步加速都很给力，后备箱可以放四个行李厢也够用。,1
这车颜值挺高，好看，性价比好，动力强，配置足,1
前后头部气囊，电动天窗，内视镜自动防眩目等,1
怎么说呢，2.0T低功发动机装在这样一台小车上动力还算是充沛，毕竟车轻，01也就7秒。但是偶尔想豁车的话就不够了，而且前后都是225的胎，地板油时轮胎明显抓地不够，处在打滑的边缘。其实个人最喜欢的是228，01只要5.4，高功的发动机装在这台小车上真的是游刃有余了，可惜中国不进口，235动力过于强劲了，如果不下赛道的话感觉没啥必要。总的来说动力还是算够用的，高速跑到220就很难上去了。,1
宝马一贯的风格，坐进去的感觉让自己又年轻了几岁。,1
座椅是布的，布的，布的,0
帅！关上篷差点意思，但也也很漂亮了！缺陷是开篷得一直按着！关篷也是...哎...就不能设置一键开关篷么！BMW的设计师和客户体验团队啊！你们的脑子怎么想的真心不知道！车身长度和宽度是真心为城市用车一族设计的！！！停车简单多了！！！哈哈哈哈哈哈！在车位紧张且相对较窄的广州来说！这车身尺寸比例就是为了抢车位设计的嘛……Mini和smart就不要说了！还有那什么甲壳虫！也不要来凑热闹了...你们不在这话题的讨论范围内！你们懂的！车灯,1
动力还是不错，深踩油门，加速度超车都不错,1
还好，过得去，就是地盘有些偏低，过一些不平整路面时有托底的风险。,-1
一家三口问题不大！后排上了儿童安全座椅！但直接插是擦不上去的！因为后排中间杯架这块是凸起的！是要上延长扣才能装上.两人坐很宽裕！非常宽裕！乘坐,1
性价比一流。带3年10万公里免费保养,1
浓郁的宝马家族特色。,1
空间挺好的，坐着感觉挺宽大的，后备箱也很大。,1
油耗偏高，但是能接受，毕竟车的重量在那摆着呢。起步动力有点弱，每次要想快点起步必须舍得踩油门。,0
本人身高188cm，体重100kg，驾驶位调到舒适的位置，老婆的腿部空间还有接近两圈老婆身高168cm，加上全系标配的全景天窗，头部空间更是不用说了，绝对满足家用了,1
很宽敞，但后排三个人确实略显拥挤。,1
车标剪5万以后，性价比较高。,1
高速公路油耗没有刻意关注，估计应该在7-8升百公里油耗,1
油耗我比较满意，现在在8升多。,1
要不是长得好看，我为啥要买？一样配置的也有其他啊~即使贵又能贵到哪儿去？车子漂亮，自己舒服，坐我车的人也舒服，这叫美的享受。,1
动力的调教非常棒，完全感受不到涡轮的介入，非常适合城市路况的驾驶。,1
满意 车长虽然只有4.4米 但后排坐178以下成年人游刃有余 本人还有几次后排坐3个成年人的（临时车同事去打球）,1
很大得空间，很足，一家四口坐在里面都没啥压力，出门旅游，都能带不少东西,1
运动设计套装内饰相对精致点儿，传统宝马内饰简单不花哨我喜欢的风格，新车味道还是有点儿,1
虽然这是台旅行车，但是毕竟是宝马的调教，操控还是挺不错的。当然了，如果悬挂可以再舒适一些就更完美了！,0
操控轻盈准确，指哪打哪。,1
还行算下来一公里6毛。现在新车,1
对比自家逍客在120公里时速以上的提速要快的多感觉动力随叫随到,1
性价比这东西仁者见仁的，有钱人会觉得无所谓，不过这个级别的进口车的确没有过多的性价比可言，但是看在M—P的份上也勉强可以了，全车的套件，前四后二的M刹车，M的悬挂调教，不过不是底盘件，从进口车的角度看，这个价位性价比还可以，因为进口车整体性价比都不是很高,1
怎么说呢，2.0T低功发动机装在这样一台小车上动力还算是充沛，毕竟车轻，01也就7秒。但是偶尔想豁车的话就不够了，而且前后都是225的胎，地板油时轮胎明显抓地不够，处在打滑的边缘。其实个人最喜欢的是228，01只要5.4，高功的发动机装在这台小车上真的是游刃有余了，可惜中国不进口，235动力过于强劲了，如果不下赛道的话感觉没啥必要。总的来说动力还是算够用的，高速跑到220就很难上去了。,1
前排挺好 后排看你多高多重,0
不管是前排空间还是后排空间，我都非常满意。满载也没有觉得拥挤。,1
外观仁者见仁智者见智，很多人不喜欢这种厢型车所以说最丑宝马，我一个朋友说奔驰B也丑，他们不喜欢厢型车！,-1
操控事实上没什么好说的，是一款驾驶者之车，让人有人车合一的感觉，方向精准，动力强劲，地盘有韧性，我现在转弯和掉头都喜欢踩油门，很爽，车非常稳，让我不断的想去挑战它的极限，当然，还是安全第一，这不是个好习惯！,1
转向还好，虚位挺小了，加上可变转向比，方向感是很好的。路感欠缺一点，无所谓了，反而还轻松一点，电子助力有得有失嘛。油门响应灵敏，变速箱很聪明，油门给多少它就能给你一个恰好的加速，底盘不用多说，上等,1
"舒适度一般，座椅有点偏硬，长时间坐的话有点疲惫，底盘还是偏硬的,后排是配备了空调出风口,冷热也可以自行调节。",-1
目前11.5，毕竟是3.0的车还可以接受,1
高速超车、刹车均比家中的逍客好的多，稳定性比起日系车要好得多横向,1
身高1.7米，前排头部腿部空间十分充裕。后排堪比雅阁这种中级车，最赞的是规整的后备箱。,1
加了200元油能跑个400公里左右，一个月加2次油,0
刹车时后尾箱传来异响，有时像金属撞击声，有时又像闷响。砰砰砰的，很恼火，还能听到油箱里的汽油来回晃动，隔音不行。而且4S店说没办法，处理不了，这点很头痛。,-1
毕竟1.5  加速够用 绝对不是那种弹射。,1
虽然操控没有想象那么完美，但是相对于其他的车已经好很多了，基本上能做到想走什么路线就走什么路线。,1
非要我用一个字形容的话，就是大，非常之大，做什么用都可以，没有束缚感，头顶、腿部抑或是后排的空间没有一处不是体现一个字就是大，绝对的够用，后备箱我就没有装满过。,1
比想象的大多了，一点也不拥挤，要是搬个家都够用,1
配置一般般,0
动力和操控感受,0
对于一个年轻人来说 这是不二之选,1
空间是绝对够用的，其轴距够了，再加上空间设计合理，家用绝对是没有问题的。,1
外形好啊~敞篷打开又是一辆车~动力足~三个模式感受很明显~挂S档立马来劲~,1
一般城市高速都开 现在13个点的油耗。最近高速开得多了 明显油耗就下去了 变12了。同样350公里高速235比2.4君威省油 本人实测,1
动力不错，挺美的车，年轻好看，开着体验很好，,1
动力在sports 时比较强，综合不明显，在节约模式时会比较肉，无办法，节约油。,0
表显油耗8.7，也不知道准不准，希望首保后能降下来。已经做好心理准备只要11个油以内就可以。,1
原车价加选配，所以是上面所写的价格。如果你执念L6，偏执操控，又喜欢coupe车型，预算又少于60，你会发现，这是唯一选择。,1
实用方便,1
这个必须要赞，性价比超高，能够满足合理的空间应用、低油耗、强劲动力，还有很好的超控，较高的品牌影响力，还送了三年保养，20万出头一点点的价位也真的挑不出第二辆车了,1
排气声浪，真的无力吐槽M的工程师，你说好歹也是个钢炮，排气声就和轿车一样，我完全不能够接受。呜呜呜的，卡住喉咙一样。难听一笔，回火声还是有，太小了。比起朋友45小了一个级别，人家还是4缸机。差评！大大的不满意！,-1
车漆有点薄。,-1
毕竟是跑车，载物的话感觉可以，坐在车上手脚伸得开就是后排太别扭了，不过后排一般放东西,1
空间不错，坐5个人也还宽敞！特别是头部空间不错，全景天窗也是大爱啊！乘坐,1
平时我就接接小孩，上下班，感觉动力还行，这方面没有过多的要求，我是新手，安全要紧。,1
这个价位车，要求也别太高，座椅包裹性非常好，后排坐垫略短，不知道长途驾驶怎么样。,1
市区10个油，高速我测的是6.2，不知道那些5个油的怎么跑出来的...但作为一款运动车型，达到这个水准已经很不错了，所以我比较满意。,1
减震性好，同级别里面比较出色，悬挂很重要,1
外观造型设计比较喜欢，谁叫我是外貌协会的，算是一见钟情吧。,1
宝马操控还是没的说，虽比不上3系，日常开还是很敏捷，电子助力能按驾驶模式调节力度，很适合女孩子。,1
座椅痛点织物我不说了图便宜不怪谁，座椅结构完全没有侧向支撑，屁股大的准备好换座椅吧,-1
空间很大，无论是头部空间还是腿部空间都很大，后备箱一般大。,1
同样的呵呵呵呵呵呵，宝马的内饰相信大家已经不要吐槽了，这种内饰一点不符合豪车的定义，有人说宝马就是工程师造车，设计师根本无视，宝马的内饰灯光做的太差，如果能向奔驰靠拢一点也好,-1
绝对:骚 浪 贱.只要背得起这3个字的称呼肯定没有问题,1
拉风回头率高 漂亮的前大灯（个人觉得全系最漂亮了，特别正前方）厚实的无框车门，满满的赞,1
内饰也算是比较吸引我 ，走线做工还是蛮精致，经得起细看,1
动力可以满足日常使用需求，加速能力我觉得一般。,1
小孩儿在第二排玩的很开，哈哈,1
这车的优点和缺点都非常的明显，有些缺点会让你感到抓狂，首先是廉价的内饰用料和做工，没有一点厚实感的车门，有次下雨起了点小风，直接把开着的车门给吹关上了，真的是小风，车的味道也比较大，而且座椅也十分不舒适，很薄很硬，隔音效果也非常一般，胎噪风噪什么的就不说了，下雨天那个雨水打在车上的声音就非常大了，雨刮器的声音也很大，所以下雨天把音响调大点声吧,-1
虽然是被众多键盘车神喷到渣的前驱宝马，但是操控依然犀利，对比一下同事的马三（键盘车神最喜欢吹的）毫不逊色，指向精准，方向盘轻重适中，底盘扎实，悬架偏硬提车不到一个月就被同事拉着出去玩，跑山路，跟在老司机后面各种高速过弯，毫无压力，老司机都夸我技术好，我只想说这车很好开,1
实用就好，我觉得还好，我去看过GLA和Q3，对比过奔驰B级，我觉得这个2系的挺不错，我挺喜欢新款的中控台造型。手感,1
空间大，全景天窗，主要自己开的舒服，家人坐的舒服。,1
内饰还算可以,1
外形的设计感再好一点更好。其次，减震效果并不是很好。,0
本人开车比较随心所欲！没考虑过油耗！所以比较高！,-1
大且灵活，车身娇小，内部空间却有惊喜。,1
指向精准，操控感非常棒，方向盘使用了电子助力，回方向盘也很快捷。,1
后排空间是可以前后移动的，坐姿有点像SUV，舒适度还是可以的后备箱在下面有个隔板打开有个很大的储物空间，放些零碎的东西还是很方便的,1
我们家里都是身材比较平均的，没有很胖的那种，一般后座两个老人加上一个小朋友也是完全没有问题的,1
外观好看，也是我喜欢的大红色，大爱无边框车窗。,1
好开够用！第一辆车，开车水平较次，小巧好开是固定标签；已婚，考虑到一两年之后肯定 有带娃全家出行的需求，空间够用也是必然要求；年轻，多少都会有些好开够快 偶尔也能满足一下小激情的私心；品牌，虽说是三缸前驱，但毕竟也是宝马，而 且这套组合也让MINI经受住了几年的市场考验，还是那句话，这些一线豪华品牌 ，如果敢出单缸，我也敢买，实际体验时也的确有着不错的品质感。,1
动力是满意的，低转速扭矩足，动力是可以立即爆发的，涡轮迟滞基本没有。但要说动力多余我不觉得，偶尔还是会激情一下的，速度上60后并没有明显的推背感。,1
动力满意，操控灵巧,1
百公里5毛现在，郊区市区高速公路混搭。人家多少和我不搭界，我的油耗。,0
目前8.8，市区道路。,0
车子的动力还是非常不错的，虽然是1.5的发动机，但是开起来特别的顺畅。一款如此小排量的发动机与动力做的如此，出色也就宝马能够做到了，其实平时在市区驾驶也开不了这么快，所以说变速箱的匹配也特别重要，这款车子的换挡速度很快，换挡的顿挫感很小，总体感觉还是偏舒适的。,1
性价比还是很高的，毕竟光这个牌子就值不少钱。,1
20万出头就能圆一个蓝天白云梦，空间还这么大，真的不能再奢求更多了，所以其他什么都满意，越看越喜欢。,1
再给我一次选择,0
外形360度每个角度都追求的那么完美，从我小时候就崇拜向往的双肾型进气格栅到一双透露出灵感的大灯，还有往后拉伸的立体腰线级车身流线，还有宽大厚实的车尾，让我第一眼见到2系旅行这台车时候就对它不能自拔，从自己的购车预算当中根本就没有考虑过这台车，是这台车让我实现了自己的蓝天白云梦。内饰设计为宝马车型里面新款的设计，采用了悬浮式的特别层次感的3D设计，显得特别的现代感和年轻化，老婆驾驶车辆体现的人跟车都特别有气势，完全摆脱了这个价位中端品牌的俗气设计，我自己驾驶起来的时候觉得自己坐在车内是一个很有品的男人。总而言之，宝马品质，中端价格，让我实现了宝马梦是我最满意的。,1
城市路段油耗也还行，没有刻意的去关注油耗因为新车应该会慢慢降下来高速路段,1
敞篷车是什么！就是拉风啊！,1
后排乘坐2人是非常宽敞的，腿部也舒服，不似其他有些车腿要蜷着，这个空间还是不错的。后排座椅功能的设计功能也更完善。乘坐,1
绝对物超所值的宝马车，绝对奶爸，潮妈居家暖车！对了，别看我居家，偶尔也能玩激情。虽说我是胖大白，代步，远行都很灵！,1
方向盘很小，握起来也很舒服，转向很轻，也很精准，路面有小起伏的时候这个车过滤的很好，但遇到减速带的时候，颠簸就比较大了，整体还好。,1
加速比较快，就是最近一段时间加速时升档有点顿挫感。动力平,1
前排足够，后排座椅较低且宽大，可以坐成人，不宜长途，小孩最佳，无门无窗掉不下去！,0
缺点是后排空间空间略小了一些，坐在里面有点局促，特别是跑长途的时候腿部会比较累。,-1
：过弯的时候车子非常平稳，基本感觉不到明显的侧倾现象，而且座椅的包裹性非常好，软硬适中，长途驾驶坐久了感觉也不会那么累。跑高速再也不用担心爆胎这种问题啦！长途行驶中，平稳的车身让同车的朋友感觉不到颠簸，在后排睡的很安稳嘛。,1
转向精准，路感直接，悬挂也正好,1
舒适度完美了，座椅的包裹性支撑性很好，坐的舒服。,1
前排挺好 后排看你多高多重,0
买的现车。。乞丐版。。。手动座椅，动座椅，座椅，椅！！！！！卤素大灯！！！！没有倒车影像，前雷达。折叠耳朵。布座椅。小屏幕。不满意的太多太多。。不怪车。。怪自己。。钱不够啊。。。要不什么好东西都想加！,-1
动力家用完全够了，只是加速有点慢。,1
商业级导航（免费升级扩展仪表）！防眩晕！倒车影像！腰部支撑！哈曼卡顿全套！至于舒适进入这个看个人喜好！我对无钥匙进入和车外开篷没要求...外面后期加的原厂导航也不带互联驾驶那些人工导航啊！实况路况这些功能的！！！！！个人,0
马马虎虎。,1
这个车的底盘挺稳的，舒适性也还不错，悬架好，过颠簸的路段一点都不费事,1
愤怒的小猪，很多人觉得2胖丑，但是我是觉得越看越耐看宝马标志性的外观特色全部保留，天使眼，猪鼻子，两侧棱线,1
听销售说，底盘悬挂貌似和MINI是一样的，是前驱车里底盘最好的,1
目前7.8L/百公里，1620公里磨合期，油耗还会上涨一点，属于正常，我跑了500公里长途，感觉比较低，过磨合应该会降到合适的范围，比我原来的长安车好多了,1
3400，均耗7.4，比介绍的要高，但基本上跟小golf差不多，已经很满意咯,1
刹车辅助，牵引力控制，胎压监测装置等等。,1
内饰中规中矩，没什么特别炫酷的地方，用料也一般般，有时候比同价位的车是不行了。,0
精准度就是宝马的精髓。,1
外观比老款时尚不少，也比较动感，最主要的是当初老婆也看上她的外观了，哈哈哈。,1
转向精确，刹车稳健。,1
对一辆宝马来说，个人觉得还可以,1
新车买进没多久，暂时说不出什么不好的。,1
就那样吧，简单实用。,1
方方正正的外观，自动变速箱的平顺性好，油耗不高空间宽敞实用。,1
基本没创新，和其他车型大同小异，方向盘不错,0
隔音和胎噪还是偏大点啊，尤其刚起步的时候,-1
满意城市工况70以内随便玩，好开好停好插高速100入钝角弯，建议别试,1
其实可以更拉风！,1
不是早晚高峰估计很省,0
这车的方向略微偏重些，但也仅仅是略微，男士女士都可接受，转向一点就有，虚位很少，比三系稍差一些，路感也较强，地面信息传递的还是比较完整。符合品牌定位，在较快速超车和转向时候侧倾较轻，悬挂支撑的很不错。车内人没有被甩来甩去。这个给5星。,1
想怎么开就怎么开，方向盘转哪走哪，相当精准，没有虚位。,1
每百公里也就是7.3升油，算是很低的了。。,1
在运动模式下起步速度很快,1
虽然是前驱，但宝马的操控一如既往，这点不用质疑。,1
内饰方面感觉还是不如同级别的其他品牌儿做工精致。,-1
外观颜值高，内饰大气，细节上也有很多中国元素，品牌认可度不错,1
坐过华晨的，味道刺鼻，进口也好不到哪去，内饰味道也挺大，容易得癌症，女朋友坐一个小时不开窗就头晕。不得不经常开窗，秋冬又很冷，这点很折磨人，这就是目前我觉得宝马最恶心的地方,-1
呵呵呵.........我曾在大学里就仪表盘和中控台的人性化工业设计开过个小讲座。这里就不吐槽了。异味,-1
小跑悬挂调教偏硬，开车的还是很舒服，坐的俺不清楚！,0
老婆喜欢他的外形，还有大灯。天使眼，呵呵,1
5人乘坐还算宽敞储物,1
油耗表现的很好没事开上下班基本在6.8升左右，其实油耗方面我还真没有在意我明天再看看吧,1
外观仁者见仁智者见智，很多人不喜欢这种厢型车所以说最丑宝马，我一个朋友说奔驰B也丑，他们不喜欢厢型车！,0
1.5T的这个加速感总体来说还算满意了，毕竟不是大排量，偶尔超个车啥的也还凑合吧,1
宝马的强项无需多说，前驱中也是王者。,1
前排舒适性很好，后排也还可以，但是大个子不行,1
车子真的很大，外观控的话，分数会比较高，另外识别度非常高，漂亮,1
这个没看出多少差别！门板好重是真的！开门要小心啊……为什么就不说了！群里车友都建议上防撞条！我提车前还笑话大家，但事实是，反正提车当天晚上下单买了防撞条...不要问我为什么...满满都是泪...,-1
车小，轮胎也是225的，所以油耗在磨合期也才8.1个，很满意了，我开车一般都比较温柔，油耗也会比较低，但是堵车的时候油耗就会高了，有发动机启停，但是我已经刷隐藏启动默认关闭了。还有ECO pro的时候启停是自动开启的。,1
专属定制的原厂棕色真皮座椅，自我感觉良好！,1
重要的是操控好，没有一点虚位，驾驶感觉非常好；油耗真是惊喜，最爱的是那双眼。,1
配置方面可以再高点，价格要是低点就更好了，最好再送点礼品就更好了,1
空间很充足，在车内一点都不会觉得约束，非常自在。,1
前排座椅包裹性很好，但缺少腰部支撑，后排座椅略短，长途乘坐的话可能会有些不舒服。对于噪音控制做的实在不够好，胎噪和底盘噪音很大，遗憾的地方。,0
油耗目前尚在磨合，600 公里9.4L，保养后应该会降低1个吧。自动启停还是有用滴。,1
不错吧，给个4分,1
动力没话说，基本秒掉90的车,1
蓝天白云，天使眼，全LED大灯，虽然是两厢车，车头有点短，看起来还是很协调的，依然很宝马，个人觉得车头45度最漂亮，我买的是矿石白，是金属漆，档次是很高，就是以后补漆贵，,1
内饰算是宝马最新的设计风格，还是跟其他车型一样，个人感觉，我还是很喜欢这种简约的风格，不太喜欢太浮夸的风格，简单就是美。,1
空间足够大，主要是上班和家用，乘坐空间足够了，跑车还要什么空间。,1
真皮丁字裤，跟副驾驶前面的一溜蓝都很美。把我对象迷坏了。进口就是好。材质感觉不错,1
一开始提车总是爱猛踩都去到14点几的耗油量，不过后来比较注意基本高速在6.8到7.2左右，平时8到8.6，经常拥堵的话可以去到9到10之间算是可以接受。,1
加速太慢。动力不够起步困难。车身太重感觉拉不动。跑高速130很稳。,-1
外观非常满意，外形设计非常漂亮，出类拔萃的设计，但是接缝有点不均匀，勉强接受。,1
很好,1
满意 车长虽然只有4.4米 但后排坐178以下成年人游刃有余 本人还有几次后排坐3个成年人的（临时车同事去打球）,1
官方7秒破百数据 在市区完全够用 试过几次红灯sport+ S档地板油，那时还竟然稍微有点排气声，其中那推背感是杠杠的。,1
9左右的油耗归功于所在的这个城市的交通，没法开，均速才24.不过车自重摆在这，也多少可以理解,1
空间肯定是完美的，得益于比较大的车身尺寸，前后排空间都很宽敞，横向和纵向都足够大。,1
宝马最便宜也是最亲民的车之一20多万就能买宝马真的很好,1
宝马的操控还需要说明吗？来过就知道人车合一的感受了。就是在节能模式下悬挂偏软了点。,1
非常适合我，大力推荐,1
油耗大概在一百公里6.8升左右，对于1.5T来说应该不高吧。,1
油耗一般的这个水平就是我感觉还是正常的吧。从买了车子一直到现在为止，车子的油耗表现的都是比较的稳定的，一直就是在8个油耗左右的一个水平。 不过就是车子的提速动力都那么强的一个前提下，车子的那个油耗比我想象的要低了很多的。,1
就这点钱，你还想整啥？,0
宝马的操控还用说？非常好，在山道操作非常顺手。,1
空间够宽敞，储物空间也足够大。多功能座椅为家人的出行提供各种可能，周末出去玩时，后排座椅放倒后备箱可以放下很多行李。我主要是市内开开，接送小孩，后排坐三个人也不感到拥挤。,1
后备箱隐藏式储物格蛮大的 这要归功于宝马没备胎，车门的储物空间足够，椅子下面竟然也有储物格这个意想不到！,1
虽然说同样的价格可以买嘉旅顶配，不过宝马和大众毕竟不在同一起跑线！,-1
动力还不错，起步加速都表现的还不错，动力输出爽快不含糊,1
配件费用极高，我的后视镜撞坏了需要4372元才能换个新的，尾灯需要1600才能换新，而且还全国无货要等好几个月。,-1
家里其实有几台车，但都不适合老婆上班开，女孩子停车是最大问题，油耗她又很节约，外观又不能太low，品牌还不能差，想来想去迷你，尚酷，smart，2系跑车，a3跑车，c级两门都在我考虑范围内，当时还考虑过路虎极光，综合比较觉得性价比最高还是2系，内饰是它唯一硬伤，没倒车影像，但本人的朋友基本都是做车生意的，这些都是可以改造的，还价格低不伤筋骨。开了一千公里，没什么不喜欢，也没什么特别喜欢。,1
号称宝马近10年来最经典之一，我不懂前辈体验，就这车来说，我用随心所欲来形容,1
空间够本人用了，基本就坐两个人,1
百公里八个多油，还算是不错了。,1
操控还可以，方向没有虚位，转向非常灵敏，由里到外体验到他的灵动,1
性价比还行吧，应该算性价比比较高的车了，人无完人，车无完车，价格只要在自己的购车预算范围内，自己能接受就好，最重要的还是喜欢就好。,1
座椅的舒适度很好，乘坐起来非常不错。,1
系统是宝马的小主机，很多功能没有，6.5的屏边框好大，后期要改。,-1
动力有点弱，起步肉肉的。,-1
搓板路异响,-1
三大件儿成熟可靠，外形设计时尚不失沉稳，整体配置比较丰富，且价格还算可以接受。,1
外观凑乎，相比于同价位的奔驰、奥迪这款车是不错的。车灯,1
最满意LED车大灯，车辆保养时间以行车电脑为准比较人性化。对于行驶里程不是很多的减少了保养次数。,1
非常不错,1
这个车应该和性价比扯不上关系的,-1
乘坐,0
空间方面还算可以，目前对我来说还是够用的，平时基本上一家三口使用，后排腿部空间确实稍微的小了一点，长时间乘坐的话会比较累，后备箱空间还挺大的，可放下四个行李箱。,1
这是宝马被吐槽的最多的地方，其实我个人觉得看习惯了就Okay了，方向盘和仪表略low，很多人觉得银色内饰7件套丑，不知道为何我还挺喜欢看的，感觉很年轻时尚，反而16年新批次的黑色内饰7件套感觉好丑,0
现在磨合期油耗有点大,-1
如果不是追求宝马，那么选择其他的车吧，如果手里富裕选择新X1吧，但是无论如何华晨宝马恐怕都不是最好的选择。,0
动力好！，天窗让人心旷神怡！,1
操控非常犀利 对我来说有时候路况不是很好 就是躲坑利器哈哈 个人也说不清楚操控这种很虚无飘渺的东西 就是觉得电子转向助力挺适合的 可变转向比也挺好用 反正就是开起来就是很有战斗感 是开suv那种开船的感觉比能比的 总的来说方向盘比较重 但是男人抡起来毫不费力,1
三口之家足够用空间大……储物空间较多……门把手处都够放手机........,1
坐的相当满意，空间真的没话说，座椅也很舒服，就算满座也不觉得拥挤,1
不过比起外观的话，内饰好像稍显普通了些，没有给人眼前一亮的感觉。,1
以前开的是日系车，现在德系车舒适性感觉和以前没什么差别！,1
漂亮，双肾的造型，我是很满意的，本身就比较喜欢宝马的造型，符合我的口味，必须点个赞。,1
车头短 新车味道大,-1
"油耗可以接受,反正开了不多",1
好开好停,1
座椅舒适性很不错，静音效果应该也挺好吧，还没高速开过，具体以后再做评价。,1
内饰我只能用一塌糊涂来表达，各种简配，给本就不出色的宝马内饰更加雪上加霜。220配置各方面都逊于235，缺的,-1
动力，后驱小甩,1
后备箱是软肋……放不了什么大件！估计大点的行李箱都悬！自己没放过还。,-1
胎噪，胎噪，胎噪。电子手刹不顺手。在左边才好,-1
悬挂比较好，座椅软硬适中，车内空间大，舒适性非常好。,1
11偏高 首保后降到9.5最好,-1
这款车子的车型设计是我非常喜欢的地方，车内的空间非常宽敞，而且前排的空间也很大都在车里面视野不错，车后排的空间非常的充足，虽然整个车身的长度不大，但是后排的腿部空间已经大大超出了我预料。日常家用完全没有问题，而且最值得点赞的地方就是后排的座椅可以前后进行移动这样，车内的空间就会非常的灵活，用起来很方便。,1
必须很满意，而且我选择的蓝色，实车更是惊艳！没什么好说的，就是赞赞赞！,1
装BI范十足，就是菊花就一个，有点单，回头再改，这都不是事,-1
为了敞篷，性价比只能往后排了。,-1
初段加速不错，油门响应比较迅速，但是中后段就稍有点吃力了。但是毕竟主要跑的是市区，日常用的话 足够可以、,1
刹车辅助，牵引力控制，车身稳定控制等等。,1
这个和奥迪没法比！其实我更中意A3两厢，价格便宜量又多。论品牌这个级别的车和四个圈也就一刨花，怎奈夫人无感。,-1
说实话1.5T八个的油耗，还是有点高的，毕竟我都是加的95号汽油的，而且也没有很激烈的驾驶，希望过了磨合期之后可以下降一些城市路段,-1
我能理解一个运动品牌追求的东西，所以哪怕不如Benz舒服我也要给赞,-1
配置不错，前后驻车雷达、倒车影像功能灵敏度不错，看起来也很清晰，自动泊车入位还挺有科技感的，安全性配置也很全面，开起来很有安全感。,1
噪音控制得很好，底盘也调校得很舒适，确实是这样的。豪华品牌的很多做工都是在看不到的地方。,1
异味不大未发现异响，新车还是座椅的味道稍大,-1
方向盘手感很差，各种地方都很硬，大鸡腿背面都是硬料手感不佳,-1
还在磨合，没太猛给油但依然换强劲。,1
一般城市高速都开 现在13个点的油耗。最近高速开得多了 明显油耗就下去了 变12了。同样350公里高速235比2.4君威省油 本人实测,1
配置很丰富，,1
2.0T 8速，地板油起步响胎打滑，没什么好说的，这些就是证明,1
后备箱真的非常大，小孩的的折叠自行车可以放进去，有一次我们去了趟宜家，帮我妹妹家小孩买了个折叠床，本来以为放不下，打电话给销售后排竟然也能往前移，很惊喜。,1
买这这车性价比就不要太考虑了，不过双门、四座、无框、后驱，30万之内也就这车了。,0
目前磨合期内是7公里左右，最近的一箱油是6.5升，省油,1
外观好看，适合我们年轻人开,1
空间这个级别来说一流，而且空间灵活性很高，这车 按级别空间算很牛了,1
装逼利器，泡妞神器,1
当然是操控咯,0
会定制！选装一堆原厂！可以等...后期加装真的好伤心！性价比太低！不过在途车，订车一月到车也算值得了！选装,-1
这辆车操控感非常值得夸奖，我很喜欢它的方向盘尺寸，不大不小刚刚好，轻盈容易掌握，没有虚位！,1
性能和价格还是成正比的，在同级别车当中还是很喜欢的，就是觉得内饰有点不尽人意，但毕竟价位在这,0
谈不上很出色，但基本上还是能够满意。,1
小车、高顶、动力足。日系车里前两项（小车、高顶）能达标，但动力足基本没有，只有欧系车能找到符合这小众需求，该车就是我要的车子啦！符合自己选车需求。,1
目前还在磨缸，11格左右。,0
内饰是最爱的！全车几乎都是软性材质包裹，做工棒，手感好，给人非常高级的感觉。,1
内饰不是宝马的强项，豪华感总差点意思。所以选的运动款，手能摸到的地方都是软的，关键内饰做工相当的赞，所有接缝均匀，装配确实不错，氛围灯稍显鸡肋，虽然亮度可调，但效果还是一般。,-1
油耗还是算比较省的，每百公里差不多7.1升。,1
前排很棒，后排差点。,0
对家庭用车来说很高，动力澎湃。空间大,1
都说发动机的噪音大，但是也就是点火那一下，我们这现在零下13度，没见发动机的噪音有多大。抖动也不是很明显啊，就算是冷车起步也是很平稳的！,1
一般，对于敞篷车就不讨论空间了,0
外观大气，前脸虽然一般但是比较耐看，恍惚之间有点像6GT。,1
车内无异味，新车，小孩子也不晕车，不恶心,1
目前行驶1500公里油耗9.1升，高架道路居多，在预料之中。城市路段,1
宝马嘛，主打操控 这方面2系也是继承了宝马的衣钵，方向轻快 指哪打哪。,1
内饰我只能用一塌糊涂来表达，各种简配，给本就不出色的宝马内饰更加雪上加霜。220配置各方面都逊于235，缺的,-1
空间很大，真的是超级大。这个也是选择这款车的一个很大的原因所在。,1
宝马一贯的内饰没什么可说的期待改变。,-1
没出磨合，没太猛给油，但依然换强劲。,1
后备箱是软肋……放不了什么大件！估计大点的行李箱都悬！自己没放过还。,-1
油耗嘛，根据个人开车习惯。原来118，每个月跑一回来回500km的高速，其余都是上下班。油耗在12个左右。现在235，基本在14到15个之间。,0
敞开敞篷的时候回头率高，肯给油市区里动力还是可以的,1
宝马最便宜也是最亲民的车之一20多万就能买宝马真的很好,1
漂亮，酷，能赚到回头率的，不是M的，觉得改一下就更好了,1
2.0t失去超车妥妥的没压力。不过150以上加速就开始吃力了，总的来说比一般车快多了,1
本来就是奔着油耗来的。以前那个车怎么算都是10个左右同样的路况。现在也满意2宝的油耗，上下班用下来就是7个左右。如果没事开去街上转转。就会去到7.5左右！全高速的话可能也就六个吧。,1
感觉有点硬，后排应该还好,-1
60KM/H之内够用，城市超车很轻松，然而也就是够用而已,1
最满意的当然是这款车的外观，我敢保证不管谁看到这款车的外形心里都会为之一动，拉风。,1
新车，感觉在合理接受的范围内。,1
整体舒适性很好，坐在里边空间显大，腿部不受屈。,1
只是够用，我理解的1.5T功率只有100KW，是调教偏向于低速区的加速性能！是合理的！,0
外观这东西就仁者见仁 智者见智，我觉得不怎么好看，但是媳妇就说挺好看。买的是那个橙红色，太阳底下车漆很漂亮。,0
整车到手只有一股淡淡的皮味，买了一个宝马专用香氛用了一个月后就没味了，香车宝马原来就说这吧！,0
2宝外观还可以！操控还行，动力勉强够用，变速箱的顿挫感不是非常明显！,1
车内音响效果一般，悬挂头段太软过弯侧倾明显。,-1
配置还是不错的，想胎压监测、无钥匙进入、倒车雷达这些都有了，基本够用。,1
开车视野比较不好，窗子小，观察有点阻碍的感觉,-1
操控很好吧，油门刹车这些都很好把控，过弯也很轻松。,1
220i 2.0T涡轮增压发动机动力几乎就是随叫随到 超车一流,1
外观不错 线条感在多一些就好了,1
目前11L，均速20.6，不比那台2.5的6缸机少啊，出乎本人意料。,1
空间还是非常大的，尤其是后备箱的空间，进深非常不错。,1
有十足的冲劲，起步的时候也很给力，基本上就是红绿灯前第一个。,1
现在新车的刹车脚感不太好,-1
宝马操控不错，以前是1.6的价格现在提升到2.0的。动力不错,1
4人，满后备箱，开空调，高速收费站过磅1.7吨，高速路好，无坡。1、舒适模式D档140km/h，巡航，3000转。感觉动力差不多到了2、运动模式S档140km/h，前车低速准备超，3300转-4500转，到170km/h无失控感背,1
内饰还不错,1
暂时没有,0
这个价格价级别我认为就这台车了，性价比非常高，再怎么说也是台宝马，还是轿跑，还是双门的,1
内饰方面，相比于奔驰的很多圆圆的元素很Q萌，宝马的显得更简约大方，低调又透露着品质，两个字来概括就是耐看，还有皮质缝线这一点，很有质感，让人感觉瞬间LEVEL UP了。,1
价格符合自己的预算，性价比感觉还是很不错的。,1
家里3台宝马了都是自己开车的如果操控不好肯定不会同一牌子买那么多台;开宝马坐奔驰永远都是没错的!但这句话绝不能在豪车上说毕竟在这两品牌之上还有很多操控非常出色的车型;简单来说平民级别的话绝对算操控优异了.,1
2系的座椅还是不错的包裹性座椅，朋友说像跑车的座椅，真是赚足了面子，有一点不是非常满意的就是刚发动车子是发动机声音有点响，不过发动一会儿后感觉会小很多，跟日系车相比有待改进，开起来时声音到不大。,1
轮胎不知道是不是碰到什么东西了， 没用多久鼓包了，,-1
舒适型适应了也就还好，刚开始觉得悬挂硬！久了就自然了。座椅舒,1
操控 各方面都很 好，体型是比较大，但拐弯起来感觉挺爽快的，从没有它不行的,1
车漆太软，毛巾随便一擦都是细小的划痕，看着都心痛，才不久的车,-1
上下班感觉还可以，长途2个小时以上就差一些了，座椅有些小、有点硬,-1
双涡轮的发动机给出来的加速相当有质感。当然涡轮迟滞问题算是严重，大脚下去可能要半秒才能猛的加速。,1
配置是相当的丰富,1
最满意的是不错的乘坐空间，用起来非常方便，尤其是后备箱的地方感觉进深度很好。,1
颠！油耗略高，看你油门怎么踩～内饰延续了宝马没内饰的传统，就是没有内饰～音响效果足够渣，我的老凯美瑞也比他好～n55机头温度过高，宝马的温度一向很高，不过235散热真的很差很差，赛道跑两圈基可以歇菜了～还有，没有油温，水温表，真不知道宝马怎么想的，难道对自己的车温度很有信心？难道认为买这车的人不会下赛道？每次都进工程界面调出来实在太麻烦，不过后期也是可以加装的，只不过花点钱～关于排气也是我想吐槽的一点，不知道是不是宝马想和M—Power拉开距离，即使开到s加模式换到s挡车外的声音还就是不那么大，一点不符合M套件3.0t的排气声音，车内排气声音但是会变的挺大的，因为宝马用了车内的模拟补偿声浪，这个技术现在可以说是相当流行，很多性能车都用，这样一来，排气就根本是自娱自乐的了，好听低沉有力的排气声可以唤起激情，让肾上腺素飙升??,-1
悬挂太硬了，屁股都要开花，感受只有一,-1
运动模式耗油大，节约模式就省油了，现在开着在8个多，因为开空调什么的，再加上我习惯性关掉自动启停，油耗就会多些。,1
没考虑过油耗，10.5左右，市区开，个人觉得不算负担吧,1
在里面很舒适，反正家人朋友都说好,1
20来万就能买宝马，对于我来说，性价比还是很高的,1
静若处子动若脱兔，加持M-performance阀门排气和主动声浪系统，完美地助燃了加速感受。,1
虽然这是台旅行车，但是毕竟是宝马的调教，操控还是挺不错的。当然了，如果悬挂可以再舒适一些就更完美了！,1
开的人都说舒服 坐车上的人都说不舒服......,0
这个价位的车，我觉得，款式新潮，引领时尚。,1
车子买回来以后，基本每天都会开着出门，还没有发现太大的缺陷，感觉整体都挺好的！,1
动力比较平顺,1
这款车的安全配置和娱乐配置比较齐全。但有不少配置需要选装，如并线辅助、车道偏离报警系统、主动刹车、定速巡航、自适应巡航、无钥匙进入、无线充电感应式后备箱，都需要选装。感觉宝马也太会赚钱了。,1
我是最满意的就是车子的外形了，宝马的这个车子的外形就是车子的一个标志性的一个象征，只有宝马的车子的外形才可以做到线条如此的流畅，车身就是特别的大气。,1
满意,1
后排的空间其实是可以坐两个人的，但是不能远途，不然坐在后排的乘客会感觉累。,1
前排是OK的，后排也还行，翻毛皮很爽,1
很满意，去掉220，贴个M，加了前唇后唇，换了四出，别人都不知道这是什么玩意，喜欢这感觉。,1
看不厌的前脸，大灯带透镜，眼神犀利。动感的外观，搭配车身的饰条，充满活力。,1
我身高179，坐在里面完全没问题，空间够用。,1
这车很有运动感，外观很好看，内饰外观很漂亮，运动套件必备，好看不止上升一个档次,1
得益于变速箱的动力高效输出，油耗低在我的意料之中，又是在意料之外，现在磨合期内都是9个左右，跟我原来的科鲁兹后来的平均油耗都差不多，小科当时磨合期最高都在12个多,1
噪音很小,1
木有座椅通风，南方真是难受,-1
性价比个人认为还可以，不高不低。,0
可以说是宝马的通病吧毫无特色的内饰，还有相比其他轿跑来说略大的身板，不过也有相对大点的空间。,-1
购车预算25万，从没想过25万可以买一辆全新的宝马，而且配置也够我用，空间大，动力也足，前后弄好也就22万多点，很满足,1
精致小巧，有一种优雅美，尤其是前脸大灯。霸气侧漏,1
车子起步加速还是比较线性的，1.5t的发动机够用，起步平稳，不会有很窜的感觉，但深踩还是能小激情一把。变速箱虽然是6速的爱信，挡把也没了鸡腿，但样式也不难看，关键是变速箱和发动机匹配的非常好，动力很线性，开起来几乎没有顿挫，驾驶轻松。启动的时候发动机还是有抖动，比较大，开起来就好了。,1
车头相比三系要霸气！动力充沛，不亏是做发动机起家的，操控没得说，而且开起来也兼顾到了舒适。,1
较为舒适，尤其在非铺装路面表现优异，座椅包裹性不错，做起来蛮舒服的。,1
主流配置，大部分都有，这点挺好的。,1
车子的操控性是最大的亮点，方向精准，指向明确。,1
性价比没的说，定制的东西如灯，舒适进入等比外面便宜，可惜没定来。,1
20来万就能买宝马，对于我来说，性价比还是很高的,1
8个左右，没有超过9。接受氛围内。,1
高速超车、刹车均比家中的逍客好的多，稳定性比起日系车要好得多横向,1
最满意的还是宝景宝马4s店，提车很顺利，而且服务周到，知道宝宝马上出生，还额外送了个儿童安全座椅,1
目前一千多公里平均油耗11.7。我开的路况很差，上下班平均速度可能也就十几，高架上80码开大约在7左右，当然这要考虑最近的低温天气。,0
外观各有不同，每个人的观点都不一！最开始第一眼确实没有相中，不属于一见钟情的那种吧，而是日久生情咯！做工,1
后排3个成年人，没什么大问题，坐过我的车的人都说好。,1
好呀。,1
个人和老婆都觉得性价比超高的,1
没有性价比可言啊，如果不是BMW，这个价位可以上其他车型的顶配还有多余的米米！,-1
1.5t动力跑跑不错了一般用用跑跑高速都可以当然没有x6m舒服了，没法比,1
当然是品牌了，开宝马一直就是一个梦想，这车空间大，价格也还可以，开起来特别有面子,1
动力我觉得完全没问题，但是老公跑了几次外地，说市区完全够用，但是高速有点不是特别强劲。,1
地盘紧凑，转向也蛮准，comfort模式下略轻,1
提速很快，动力很强，加速感不错，动力上坡很给力,1
内饰布局设计很独特，比较好看，不像普通车的那种平庸的设计,1
天使眼丐版的没有，有点可惜，以后攒攒钱改装一下。,-1
坐久有点累，没有腰部支撑的座椅都不是好座椅啊。也由于坐姿低，坐副驾的人膝部会比腰部高，坐久了会不舒服。,-1
只要肯给油绝对很宝马，基本上动力随叫随到，比起四缸车没啥区别。动力平,1
一般，就是宝马内饰,0
中规中矩，宝马经典造型，千年不变,1
采用的真皮还是很舒服的，没有味道，柔软，久坐不感觉累。中控处的屏幕彩色显示效果不错，整体配置档次不低。,1
自动启停最好是常关状态，总是要手动关闭，不记得呀！,-1
操控很灵巧。转向、刹车都很给力，再加上这款车底盘很稳。,1
家里3台宝马了都是自己开车的如果操控不好肯定不会同一牌子买那么多台;开宝马坐奔驰永远都是没错的!但这句话绝不能在豪车上说毕竟在这两品牌之上还有很多操控非常出色的车型;简单来说平民级别的话绝对算操控优异了.,1
外形漂亮，驾驶舒适，车内饰也不错，性价比较高。,1
天窗、自动泊车、定速巡航等等基本没用过。只是个人使用习惯，不代表所有人。,1
内饰简洁大方，中控的设计不是特别好看，但排列分布错落有致，用起来比较方便。,1
还用说么~高速方向盘也不会发飘~很有底气往上飙~就是怕拍照,1
买这车的最大特点。。拉风。酷。爽呆了。反正想出风头的快买啊。,1
操控没话说，毕竟是宝马,1
无电动座椅。无后视镜折叠。无疝气大灯。,-1
在平地上，动力表现够用，但上坡的时候，如果档位高一点的话，上坡还是有点吃力。,1
操控各方面都很好，就像小车一样开。并且长时间开车不容易疲劳驾驶。,1
内饰也是奔驰一贯那种，比较容易看腻，我也差不多看腻了,1
最喜欢这个车的变速箱，逻辑非常好，完全贴合我的驾驶感觉。,1
内部空间宽敞，尤其是后排，170左右的人坐进去，还有3个拳头距离。,1
轮毂贼难看的@空调显示全手动（好歹给个温度显示跟风速调节吧）@织物的椅子@虽然夏天挺舒服的不会太热不过档次就一下子降低了@尾灯有点寒酸啊。@没有安全带推送至少给个接口我系安全带啊就像RC那样@单出的单出的排气这个价位可以接受但是到手才知道实在太寒酸了。,-1
非常满意自己的选择！原来想换日本车，但心里总是对鬼子的东西心存疑虑！看了许多车型！并试驾了车感觉不错！现在年纪大了，喜欢经济实用的并且品质保证好的品牌！这个车垫满足我的所有要求！通过这段时间的驾驶更加应证了我的选择！特别是我的销售经理的服务让我十分欣赏宝马团队的优势！,1
空间 绝对够大，坐过的朋友都赞不绝口！一大优势,1
8速变速箱，油耗绝对可以，很低，,1
除了胎噪有些大，其他都OK,-1
175 80kg、187 130kg，舒舒服服。,1
假如全程高速 一箱油能跑八百多公里。非常满意。假如全程市区，一箱油五百公里左右。还不错。,1
性价比还可以啦，这个级别我还是比较推荐的,1
宝马的这款车子是我最喜欢的了，它的外形真的挺漂亮的，很时尚的一个车子，我就是特别的喜欢车子的车头前面的设计的，很流行，很独特的一个造型，并且看着就是很大气。,1
一般,0
百分之百的喜欢她的外观，很完美很好看，大轮毂更好看,1
整体用料，除了坑爹的椅子，其他都很不错。仪表,1
我先生身高183厘米，他偶尔也会开一下，头部空间还是有1拳的距离，对我168厘米身高，驾驶位是绝对宽敞的。储物,1
我觉得很多人买这车都是冲着外形来的，的确，喜欢这种风格的确实很吸引人,1
本人也没有开过太多好车，感觉这款车操控还是蛮不错的，毕竟车身高度比较高，平时自己用，也够可以了底盘及,1
动力还可以的，对于居家好男人来说这个动力足够了，磨合期还不敢深踩油门，相信动力是杠杠的！加速,1
中控台多采用采用软质材质，做工在这个价钱上算有档次。,1
漂亮,1
埃蓝的颜色现在有点烂大街 但是小地方也还可以 够骚包了 天使眼非常醒目 尾灯就是倒车灯难看了一些 白色的 不过不倒车别人也看不到 整个车前包围挺凶的 比起m2来说是差了点意思 不过毕竟人家真的是m 还是要做出点差距来的 轮毂的话视觉效果也一般 比起m2的轮毂差太多意思了 哈哈哈 就是迷恋m 要不是米不够 m2毫不犹豫 买了235才知道小地方早就有m2了 还是低调一点好了 还是想念心心念念的矿石灰 m2能够满足全部需求,1
车小，灵活。,1
指向清晰，地盘扎实，过弯的时候也不拖泥带水,1
悬挂差点意思，其他很好,0
花钱买了宝马让我最满意的那就是车子的这个性能了，果然是好的车子开车开着的感觉都是不一样的，车子的动力输出特别的流畅，并且车子的驱动也是很好的俄，跑起来很不错的旅行车。,1
油耗现在空调9.2左右，能接受，毕竟重庆太热，上车必开空调，肯定会降的，稳定下来市区我估计8个，高速最低也能跑到6.5,1
内饰虽然谈不上豪华，但是我觉得非常精致，这个内饰个性十足，内饰档次感不会减分,1
车头高个十厘米就好了。前面大灯装了饰条。,-1
配置也很赞、倒车雷达、无钥匙等等这个配置我很满意了,1
车小灵活，无框车门拉风，大灯自认为是宝马系列里最漂亮的，动力强劲！,1
动力的调教非常棒，完全感受不到涡轮的介入，非常适合城市路况的驾驶。,1
油耗，还行，能接受，德系车是高一点，不过也没差，自己也不怎么跑，油耗是可以接受的，不算高。,1
这款车空间比较大，主驾驶座放到最后后面还能坐下一个大人。开车视野比较宽阔，看的比较清楚。油耗不是很高。总体比较满意。,1
跟一般车开没区别，也不用太注意着来开，油耗也不会高太多,1
有点简单，屏幕有点小，但是做工精细，德国人的严谨体现无余。,1
其实我个人认为空间真的很够了，前排两个人坐完全不会有拥挤的感觉，后排以后可以坐小孩，或者放东西，三口之家完全够用。,1
M235i是我最愿开的车，也是我最不愿坐的车，连老婆孩子都不愿坐，孩子（四岁半）说坐着头晕头疼，哈。。,-1
总体来说还算不错的一台车车。,1
外观就见仁见智吧，我个人是满意的宝马车头配上天使眼，丑不到哪里，因为这是经典，当然也不是说它漂亮到哪里，毕竟一千个人眼中有一千个汉姆雷特！,1
不满意的是这款车子的内饰感觉比较简单。车内基本上都是满满的用塑料感觉并不是这个价位的车，该有的用料水平。,-1
宝马一直强调的就是驾驶的乐趣，操纵自然没的说，车随心动！,1
总体的油耗在8.5个，后期的话肯定还会更加的少，我不乱加速乱地板油的,1
大致可以，头部空间有点小,-1
只要肯给油绝对很宝马，基本上动力随叫随到，比起四缸车没啥区别。动力平,1
现在10000公里7.9的油耗吧，没跑长途，市区还可以了,1
暂无。,0
我174怎么调都足够！很好了！就是后排大人坐久了肯定不舒服！外侧是斜的啊……储物,0
内饰也是超级炫酷的，科技感很强，给我的感觉就是很上档次非常的豪华。,1
油耗可以接受，小高,1
尤其是这 高低配差别不高的，外观没有区别，有点占了便宜的感觉。我是个外观控，要是颜值不够，我会直接淘汰。,1
基本都很满意，实在要挑一个不足的地方，那就是排气只有单出,0
自动泊车入位、发动机启停技术等等。,1
目前行驶了800公里，油耗11左右，基本上跑国道省道就会降到8.9，跑市区就又会升起来。,1
现在磨合期8个。过了要低点。有车友高速跑出5个油的照片。已经和家里的十年老飞度的油耗持平了。。真的很省油。,1
宝马的2.0T N20B20发动机配ZF8速变速箱，184马力270NM扭矩。磨合期转速基本没超过3000转，不过超车也给人信心，稍踩油门就能完成超越。,1
前/后雷达、倒车视频影像、上坡辅助等等。,0
蓝色控啊我是，运动外观配蓝色简直绝杀,1
密封效果很不错，在车内感觉很舒服，底盘舒适韧性强，座椅也非常舒服。,1
注意买车后把胎压调整下，出厂都是3个！运动设计套装座椅舒服车开起来也挺舒服,1
这样的动力组合啦这么轻的车身，油耗绝对逆天,1
20万出头就能圆一个蓝天白云梦，空间还这么大，真的不能再奢求更多了，所以其他什么都满意，越看越喜欢。,1
外观漂亮 符合年轻人需求,1
近看美的一匹，远看的话尾部实在寒酸。,0
车子座椅很不错，软硬适中，坐的时间久了也不会觉得腰酸背痛！减震、密封性我都很满意！,1
外形，动力。,0
以为买到宝马了提速快价格贵油耗肯定低不了，但是实际几个月下来才7个多油，在市区开，而且又能满足自己动力操控需求的车子表现出这样的成绩已经超出自己的期望了。比我姐的高尔夫油耗还低。,1
加了M套非常好看，车身协调，完美的霍氏弧线，大爱,1
胎噪，不过听说可以换轮胎减小。前脸相比其他系的宝马车要短，使得这样的“猪鼻子”造型有点难看。虽然设计了前三角窗以增大视线，但是A柱那边还是有点挡视线。,-1
起步须给油，速度上来后提速不错，城市通勤上高速都没问题。加速,1
自动收纳反光镜（不防炫目）、无钥匙进入、后桥差速器、轮毂17寸而非235的18寸等。不过这些并不是我所看重的，对我而言动力、品牌、价格都满足的情况下，这些都是可有可无。不过配置上有一个问题本人很不理解，就是启动自动打开空调，每次都要手动关闭很恼人，貌似宝马车都是这样。,1
整车给人舒适得体的感觉，不是特别夸张的造型，但却是十分耐看的模样。,1
仪表台风格很符合我的审美观，时尚不失稳重！采用环保材质，新车气味不重！,1
领先版的内饰比较粗糙。没有亮色面板和氛围灯。织物座椅也很low。这点实在是糟糕，20w的车，怎么也要上个仿皮吧,-1
空间一流水平，非常大，真皮座椅，质地柔软细腻，驾驶位还可以调低调高的，腿部空间很充裕，不会觉得很挤，坐满都不觉得挤，,1
218虽然是三缸，但是家用足够，三缸的抖动问题确实存在，在低速时有时会体现出来，个人还是能够接受，6速变速箱很平顺，响应很积极。比之前大众dsg双离合好感觉,1
时尚版.....呵呵呵.....自己换led拆车件去了,-1
指向较为精准，力回馈很好。,1
开蓬时很帅，车身不长所以感觉很精干，加上是墨尔本红，所以感觉还是很火辣的。关蓬就不说了，就是一上半部是黑色的紧凑级三厢车,1
一般般了，很多人这价位选三系或五系了，所需不同,0
不满意的是这款车子的内饰感觉还是有些保守，宝马车的内饰通常都是这样，用料水平与自身的品牌不相符。,-1
好开够用！第一辆车，开车水平较次，小巧好开是固定标签；已婚，考虑到一两年之后肯定 有带娃全家出行的需求，空间够用也是必然要求；年轻，多少都会有些好开够快 偶尔也能满足一下小激情的私心；品牌，虽说是三缸前驱，但毕竟也是宝马，而 且这套组合也让MINI经受住了几年的市场考验，还是那句话，这些一线豪华品牌 ，如果敢出单缸，我也敢买，实际体验时也的确有着不错的品质感。,1
性价比还是很高的，毕竟光这个牌子就值不少钱。,1
运动设计套我觉得还是算是比较偏贵的，现在m2上市应该有所下降优惠也应该不错，第二辆车或者玩具是相当不错的选择。,-1
空间大,1
避震偏硬，路面细小变化感觉明显，胎噪巨大！,-1
内饰不像是50w车，像20w多30w的车,-1
性价比这个词本身并不太能准确反应一辆车值不值得买。追求性价比最高那应该去买qq f0之类的。我相信市场作用下并不存在哪辆车合算哪辆车是坑的说法，无非是呈现差异化去满足不同人的需求。换句话说最合适的就是最好的，明确自己的用车需求，根据需求选车就行了。这辆车是小众车，但它的特点恰好符合我对车的需求——小，高，动力不差，操控灵活，空间能顾家，所以就是我的最佳选择。,1
内饰不知道是真皮还是pu皮，没有特别在意。不过没有异味这点还是很满意的。,1
内饰普普通通吧，不算好也不算差，这个档次应该有的。,0
配置中有好几个都是选配的，确实有点抠门啊，这点要吐槽一下了。,-1
空间上和高尔夫加旅基本相当，加旅后排座椅长一些，舒适性前排218i，后排高尔夫加旅。,1
动力很充沛，平顺性做的也很满意。,1
感觉开起来方向盘蛮准。轻重比较适宜，底盘偏硬。路感蛮明显，这个蛮适合运动款。,1
空间足够宽阔，挤的问题在我这根本不存在。,1
油耗空间,0
高速6个，市区14，暴力跑山12,0
还可以，因为才开没多久，具体油耗数据没出来。等过一段时间看看这油耗怎么样。,0
2系定位为运动旅行车，还是很适合家用的，这个价格里头还是最好开的，你像2系旅行就用了其他车没有的等长半轴技术！,1
：后排有空调出风口，加上空间宽敞，坐在后面很舒适，凉快的时候，开个天窗，感觉也不错~全景天窗，最适合对陌生环境感到好奇的孩子，开阔的视野，让孩子能更好的感受到旅途的风景。晚上行驶的过程中，星星就在头顶，抬头就是整片天空，两个字“浪漫”！,1
我1.7的个，座椅调到最高感觉视野是刚刚好的。当然这是我感觉。储蓄空间还算可以。反正又不装什么大件东西。,1
无钥匙启动系统、前/后雷达、倒车影像等等。,-1
这车的方向略微偏重些，但也仅仅是略微，男士女士都可接受，转向一点就有，虚位很少，比三系稍差一些，路感也较强，地面信息传递的还是比较完整。符合品牌定位，在较快速超车和转向时候侧倾较轻，悬挂支撑的很不错。车内人没有被甩来甩去。这个给5星。,1
手动调节座椅,1
绿灯起步不用地板基本都超大部分主流车型了动力平,1
精准度就是宝马的精髓。,1
内饰的部分做工吧 不知道什么材质夏天会特别烫,1
除噪音不堪忍受外，其他还好。,-1
要说不满意应该就是档杆了，不是鸡腿不是鸡腿！使用起来倒是没什么，就是心理可能有点遗憾吧,-1
悬挂太硬了，屁股都要开花，感受只有一,-1
悬架偏硬，过个减速带，车子会跳起来，不过在能接受的范围之内，毕竟宝马注重的是操控,1
性价比超高比较适合家里的第二辆车标配,1
虽然是1.5T发动机（看了介绍，还获得全球10大发动机大奖）日常用，超车完全没问题，前段加速干脆流畅！后段加速乏力，但是在市区开的话不是飙车族的都是完全够用的！况且在长时间的驾驶和后期的用车成本上会带来不少的节省。,1
油耗每百公里10升，看用车情况,1
优点是高颜值的外观，整个前脸的设计都非常的前卫，运动感十足，蜂窝状的进气格栅设计，大灯独特的战斧式造型设计，都让我喜欢。,1
我是觉得外观挺漂亮的，宝马的家族肾！白的显得大点儿，2胖胖胖的也是很耐看的！你会越来越喜欢！满意的是车灯漂亮！华晨做工还过得去,1
操控可以，方向盘小巧，没什么虚位，档杆也精巧。,1
座椅的倾斜角度不能调，不太习惯！,-1
整体还算不错，这个价位能买到逞心如意的车 还是很难得的，再加上这个配置，还是很值得的,1
感觉有点硬，后排应该还好,0
220i动力足矣！起步加速都OK！加速,1
操控没话说，毕竟是宝马,1
油耗比较不错，油耗很满意,1
车尾好看大气，但是车头太短小了，没有宝马的经典，看起来有些小气。,0
性价比比较高了，各方面的配置都能到位,1
车子的舒适度那就是我很想说好的一点了，就是车子的空间也好，还要就是车子动力输出很稳，开车也舒服，那个车子的座椅更加是舒服，还要就是车子的减震的一个效果很好，所以我比较的满意的还是。,1
目前开了1000公里城市道路300，高速6.7百的样子，现在100公里平均油耗7个左右,1
操控是宝马的看家本领，所以就不用多考赞了,1
内饰整体性还是蛮强的，用料和做工都很满意。,1
动力充沛,1
精致小巧，有一种优雅美，尤其是前脸大灯。霸气侧漏,1
动力比较肉，适合温柔驾驶，速度要慢慢提上来，使劲踩油门也没用。,-1
我选的运动布椅舒适性不错就是后面不好打理吧没皮的好打理，在加速和劈弯支撑都非常好。无框门防爆胎就不怎么安静了，倒是排气太安静了差评。,1
没有电子档,-1
朋友的皇冠，汉兰达价格都比我贵，走在路上回头率最多是我，在路上暂时少这种车，引来羡慕及眼红的N多，心暗爽!l!哈哈哈哈,1
高速超车、刹车均比家中的逍客好的多，稳定性比起日系车要好得多横向,1
40多万的车，配置也太差了,-1
性价比个人认为还可以，不高不低。,0
其实真的是很经典的外形了,1
百公里4.8秒不是假的。地板油起步有很强的推背感,1
外观没话说，必须拉风，在配上蓝色路上回来率还是有的,1
没有双边单出排气，宝马有些太小气了。这样让人觉得差了点跑车范。有遗憾。要是轮毂在大些，18寸的，多好。弄个17寸的能将就，16寸的实在看上去太小气了。,-1
空间不用多说，没有人会对2胖的空间有疑问，即使是拉5个人一堆行李出去自驾游，空间也毫无局促,1
运动设计套装内饰相对精致点儿，传统宝马内饰简单不花哨我喜欢的风格，新车味道还是有点儿,1
后备箱看着大实际放不了多少东西，勉强放个24存行李箱之后在放大件就没地方了。,-1
乘坐后排空间真的有点挤，前排还是不错的，后备箱足够大，同级别没有最大的了，出门旅游不错的选择。,0
大宝马品牌，品牌档次没得说，造型犀利，拉风，而且动力充沛，不亏是做发动机起家的，操控没得说，而且开起来确实很舒服。,1
做工 比较精细，内饰设计风格独具一格，少点硬塑料就更好了！,1
提了车好几个月了，发现左右A柱在专向的时候有点遮挡视线，虽然有设计了一个小窗子但是并不是很管用，不知道是不是自己驾驶车辆的驾驶习惯问题，大灯是普通的卤素大灯，如果能装配上高配的LED大灯就完美了。不过比较奔驰B级这个价格跟配置比它强。,-1
刚提的不到200没什么感受。等跑跑长途再说,0
我都还没有发现有什么小问题，等以后发现了再来补充。,1
也是经典又传统的家族设计，说不上豪华和科技感，但是又非常耐看不会过时，做工也对得起豪华品牌的定位，让人觉得买得物有所值,1
B200的动力响应，没感觉向销售说的那样快，不过奔驰的工艺水准真的没得说，天窗小一点。,1
由于还没怎么跑，油耗不为确切。,0
500公里。油耗7.8,0
动力超好的，加速平顺性一级棒，动力源源不断的，,1
8.5升的油耗，还是很不错的，跟我预想的差不多。,1
车子动力虽然就是说不是那种一飚就是特别猛的，但是也就是绝对的不差的那种，真是日常的开着完全的好。,1
内饰风格是我喜欢的类型，用料在这个价位不算上乘，内饰也不是宝马的亮点。,1
动力嗷嗷的，遇到一些二逼改装直排以为自己是天的车，运动s教他们做人，车还是原汁原味比较好,1
广州价格优惠少 内饰简陋 配置不丰富,-1
2019领先版居然比2018基础版还减配（小腿支撑）！还要花时间加装后视镜折叠和定速巡航，麻烦！,-1
低功发动机足够用了，要赞一下和ZF变速箱的黄金组合，真的是换挡干净利落，毫不拖泥带水，棒！,1
1：会上瘾的驾驶感受，以至于越开越想开，而且越开越快。,1
都还不错，非要说不满意，就是钢琴烤漆，手一摸就是印子，不太好看。还有起停太鸡肋，现在索性上车就关掉。最后就是门不太好关，要很用力才能关紧，这不太好。,-1
还行吧，肯定没有高级轿车的好，但是感觉已经接近合资车的水平。,1
提速比较快，挺满意的，家用车这个动力平时够了。,1
配置不错，基本过得去,1
做工精良,1
外形,0
座椅也就一般，能接受，隔音不好说我改了音响做了四门隔音效果肯定有提升，原车也还过得去吧,0
已经很不错了，比布加迪威航不知道好多少。,1
座椅比较硬，最不喜欢的一点了,-1
经济模式下比较省油，运动模式就不能看了,1
其实可以更拉风！,0
3400，均耗7.4，比介绍的要高，但基本上跟小golf差不多，已经很满意咯,1
外观coupe造型 品牌 操控,1
无钥匙启动/进入系统，上坡辅助，自动驻车，陡坡缓降等等。,-1
性能、操控,0
外观非常漂亮，前脸也是典型的宝马风格。,1
最满意的还是宝景宝马4s店，提车很顺利，而且服务周到，知道宝宝马上出生，还额外送了个儿童安全座椅,1
油耗不高，挺省油的,1
个人认为宝马从来不能靠内饰取胜，放弃这点吧，绝不会惊艳，也不难看，中规中矩，方向盘很赞，值得夸一下。跟风自己买了原厂碳纤维内饰（其实原配也挺好看）,-1
买的时候正好赶上购置税减半，而且送了三年免费保养，车价优惠也不错，所以感觉很实惠。,1
外观拉风，油耗很满意，一般人以为要百万，坐着很舒服,1
宝马嘛，操控当然很棒。暂时开的不是很多，但是感觉很顺手，起码比之前车子要顺手多啦哈哈,1
一见钟情，对外观就不用多加描述了。喜欢喜欢喜欢,1
配置超级丰富的，符合我的预期要求。,1
外观比较运动，很骚气，回头率很高！,1
从买进到现在也没有多长时间，缺点这一方面应该没有什么发言权。,1
5人乘坐还算宽敞储物,1
缺点是舒适度要差一些，座椅的填充物不是很厚实，坐起来有点偏硬，坐久了还有点不舒服。,-1
好开好停,1
只能说够用,1
全景天窗是儿子的最爱，只要他坐车，总是要求把隔光板打开；阳光照下来，暖暖的！横向,1
朋友说不好看，我觉着OK啊你说我这是不是情人眼里出西施啊,1
这款车的内饰也比较时尚，和外观差不多，主打时尚动感风，中控大屏很有感觉，用起来挺方便！,1
加了200元油能跑个400公里左右，一个月加2次油,0
算中等偏上，刚发动的时候噪音有点大，过一会儿，就稍微好些了。座椅舒,1
其他都好，跟以前1.5T的小SUV对比，就减速后再加速感觉阻力明显，不像小5，减速再加速会平顺的多，这点感觉居然跟公司2.0T的上汽大通商务车感觉相似...目前不太习惯。,1
噪音相对还是偏大，不过想想用的防爆轮胎，相较于安全，这也是可以接受的，宝马经典的大鸡腿换挡杆没有，有点遗憾,-1
做工精细，快捷键设置和调取方便。不过内饰上有点灰尘就比较明显。,0
内饰没有突出的创新，再添加一点现代潮流的元素就更好了,-1
这款车的配置是很全面的，可以说什么配置都是有的，用的时候也是很方便的，导航、雷达、巡航,1
车小好停车，加速度还不错，进口车型。外观挺好看，就是墨尔本红有点亮骚哈，我选择我愿意我喜欢。宝马的操纵，奔驰的舒适，各有利弊，年轻人还是选择属于年轻人的车型。,1
要说缺点嘛，就是车内味道不是特别好，应该是刚买进的关系吧。,-1
加速的确没得说，跟同级别或者好一点的车子比也不会输哦。,1
满意，自感比途观差点，还能接受,1
平时基本还是城市跑的多，也没有太激烈的驾驶，八个油耗，希望后期可以降一点,-1
虽然这是台旅行车，但是毕竟是宝马的调教，操控还是挺不错的。当然了，如果悬挂可以再舒适一些就更完美了！,1
内饰不是宝马的强项，豪华感总差点意思。所以选的运动款，手能摸到的地方都是软的，关键内饰做工相当的赞，所有接缝均匀，装配确实不错，氛围灯稍显鸡肋，虽然亮度可调，但效果还是一般。,0
动力日常开怎么都够用了，动力有就行，高速120以上给油也还是有力的。,1
我买时折扣还行，买车嘛用着高兴就好。,1
宝马车操控都很好吧,1
宝马的操控绝对没得说，转向精准，悬挂调教良好，有点偏硬，但是车身支撑足够，保证良好的操控性。说实话，宝马的操控真不是盖的。,1
内部空间很大，我妈坐其它的车都晕车，坐我的车就不晕，全靠全景天窗的功劳，坐里面没有压迫感,1
起步加速不错,1
油耗在意料之中。相信后面还能降降，主要跟路况和驾驶风格有关,1
我174怎么调都足够！很好了！就是后排大人坐久了肯定不舒服！外侧是斜的啊……储物,1
性价比个人认为还可以，不高不低。,0
动力在sports 时比较强，综合不明显，在节约模式时会比较肉，无办法，节约油。,1
牛...对飚gtr赢了，当超跑使。,1
可以,1
只要肯给油绝对很宝马，基本上动力随叫随到，比起四缸车没啥区别。动力平,1
优点在于活力运动的外观设计，光是颜值就能说服我买下它。,1
刚好够用，后备箱空间还算可以,1
座椅的舒适性还是不错的，包裹性什么的也还行，不过我感觉还是前排座椅比较舒服啊,1
1.5t三缸，足以,1
没有想象的那么不舒服，刚开始开感觉还不错，座椅包裹性很好也很舒服，不过时间长了腰还是有点累。,0
后排座椅上下不方便，就一个菊花，中控太简单,-1
外观整体看着大气，家里人挺喜欢的，车身比例很协调，怎么看都很ok，比较的喜欢吧,1
最满意的还是最喜欢这车外观了，拥有了跑车的外观，而且价格合适，动力还是2.0T的比1系动力还大，还有就是变速箱是宝马的特色，用了8速的还是电子的，我很喜欢非常智能。,1
广州价格优惠少 内饰简陋 配置不丰富,-1
高速转弯还不错哦，我去市场买菜也可以，走一些小路都可以好好的控制,1
内饰一般，对内饰也没多大的要求。,1
目前行驶路程不算多，油耗方面应该也不是很准确，市区内通勤的话大概是8.8个油，高速的话在7.6个左右，整体还算可以吧，现在等磨合期过后应该会好一些。,1
方向盘手感和内饰的感觉很棒。非常不建议你们添加座套和方向盘套，加就感受不到了！,1
"操控还是很不错的，过弯很稳，高速上面表现也很好，刹车很线性,底盘很整很舒适，宝马在操控方面的口碑还是不错的。",1
怎么说呢，2.0T低功发动机装在这样一台小车上动力还算是充沛，毕竟车轻，01也就7秒。但是偶尔想豁车的话就不够了，而且前后都是225的胎，地板油时轮胎明显抓地不够，处在打滑的边缘。其实个人最喜欢的是228，01只要5.4，高功的发动机装在这台小车上真的是游刃有余了，可惜中国不进口，235动力过于强劲了，如果不下赛道的话感觉没啥必要。总的来说动力还是算够用的，高速跑到220就很难上去了。,1
对于大排量跑车来说，这个油耗还算满意。目前维持在11左右，9毛钱一公里路,1
完美用这个词觉得非常适合，在市区开特别灵活，高速开特别稳，特别是过完，那个抓地力就像贴着地面一样，方向又很精准，大爱！,1
外观就见仁见智吧，我个人是满意的宝马车头配上天使眼，丑不到哪里，因为这是经典，当然也不是说它漂亮到哪里，毕竟一千个人眼中有一千个汉姆雷特！,1
电子手刹，阻尼按键完全宝马品质。,1
没有,0
空间很大，后备箱能放不少东西,1
在平坦的路上行驶毫无压力，这辆车的起步、加速都挺称我心的，有时出去玩路很难走，车子还是会稍稍有点力不从心。,1
动力上比较给力，在高速超车与市区超车上能够体现出很强的优势，只要是一脚油下去车的速度很快能够提上去,1
1.5T的发动机，提速足够，绝对满足城市使用的各种要求。即使是上高速，也是没有问题，而且很稳定，稳稳地提速。,1
n,0
座椅坐着还行吧，可以调节高低，调最高了感觉就像SUV的视野，调最低感觉是躺着开的！跟1系的驾驶感觉差不多！噪音,1
城市路段油耗也还行，没有刻意的去关注油耗因为新车应该会慢慢降下来高速路段,1
本人身172，人比较瘦，所以自己坐在车内空间还是比较宽敞的,1
一般城市高速都开 现在13个点的油耗。最近高速开得多了 明显油耗就下去了 变12了。同样350公里高速235比2.4君威省油 本人实测,1
性能和价格还是成正比的，在同级别车当中还是很喜欢的，就是觉得内饰有点不尽人意，但毕竟价位在这,-1
胎噪，胎噪，还是胎噪,-1
外观很喜欢，设计很有创意，轮廓分明，线条突出，看起来就很有运动感。,1
乘坐感受良好,1
没有舒适性可言,-1
除了胎噪大了点，其实整车的隔音都还是不错的，底盘开起来也比较整，运动座椅坐起来也比较舒适，包裹性特别好，而且还有驾驶座位和副驾驶座位有腿部延长的支持，这点做的比较好，而且座位下面还有一个储物的小盒子，放点小东西都比较好。而且车子其他方也都比较舒适，真的很喜欢。特别大爱全景天窗，下雨天的时候那感觉太爽了。,1
个性十足，很喜欢,1
空间很大 真的很大 坐的很舒服 后备箱更是没话说 空间很满意,1
主要给我老婆用，这个动力在市区里足够用了，不过调成运动模式加速也还可以的。,1
动力的表现相对来说还是比较充沛的，2.0T是涡轮增压发动机，起步加速都挺快的，动力挺线性的，不会存在多余的动力延退，完全比那些自然吸气发动机要强多了。,1
一般,0
方向控制还好 只是地盘有些偏软,1
起步的时候比较肉，但是如果舍得给油起步还是很给力的，上了60之后动力上来了，然后提速很有力也很有信心，中段堤速还是可以的,1
坐人宽敞、车震正好、拉货别想。,1
操控犀利，这也是后驱的先天优势，比前驱的感觉好太多。在高速过弯的时候，会感觉有一股无形的力量将车子拉向弯心，这种感觉很棒！但前提是干燥路面，如果碰到雨雪天气，哼哼，还是老老实实的开吧。下雨天遇到了好多次，更容易转向过度了，车子极限比干燥路面差很多。下雪还没遇到过，但可以想象那个扭着屁股往前爬的情形。。。,1
动力不错，该车还在磨合期内，没开的太暴力，动力也挺好的,1
天使眼大灯，全景天窗我的大爱,1
外观再大气一点，突出一点流线造型,1
还是不错的，转向很灵活,1
性价比还可以啦，这个级别我还是比较推荐的,1
空间、操控、LED大灯,0
这个不错，油耗真的很低，百公里6.6左右吧 够低,1
外观颜值还算不错，属于比较耐看的那种，越看会越觉得不错。,1
没有发现什么特别看不顺眼的缺点,1
空间超大，我1.75米的身高，驾驶室也还是有很大的空间，后排空间也杠杠的，三个人坐着不会显得拥挤。人家上来坐我车基本说的都是你这车空间很大的。,1
老婆很满意，以后主要她开。车子很实用，加强蓝天白云的心里作用，很棒。放,1
换了M方向盘之后有定速巡航还有换挡拨片，整个车开起来很灵活，出车库，转弯，停车都很简单。速度起来之后油门只要给，速度就有的。座椅的包裹性强，就是我高速紧急变道的时候车身还是会晃，地盘有点硬的感觉。,1
转向还好，虚位挺小了，加上可变转向比，方向感是很好的。路感欠缺一点，无所谓了，反而还轻松一点，电子助力有得有失嘛。油门响应灵敏，变速箱很聪明，油门给多少它就能给你一个恰好的加速，底盘不用多说，上等,1
没什么特别之处，只是因为我选了铝制饰条，和其他人的不一样，算是一点点缀吧,1
省油 空间真的很大,1
"空间谈不上满分,够用是了!前后排乘坐空间还可以，第二排的地板几乎纯平，坐三个成年人没啥问题，后备箱也不是特別大,就两三个中型行李箱的装载能力。",1
汽车配置还算可以吧，这方面我从来没有仔细研究过，差不多就可以了，也不算是豪车，只要驾驶顺畅就行！,1
后备箱是软肋……放不了什么大件！估计大点的行李箱都悬！自己没放过还。,-1
悬架硬一点我能理解，也非常接受，但是那个座椅真的很不舒服，连个真皮都舍不得给，又薄又硬，也没有什么包裹性，开了几个月了到现在都没调到舒服的坐姿，然后中央扶手也很硬，胳膊放上面也不舒服，应该也不是真皮，方向盘说是真皮的，但手感并不是很好，皮质很一般,-1
车子空间可以，最近总是会出远门，后备箱能放入很多的日用物品，反正放三四个行李箱不成问题！,1
这车我定位是带小孩的。就这隔音，这地盘，这轮胎........你让小朋友如何受得了,-1
外观非常对我的胃口，没有买长轴也是因为我更喜欢标轴的外观，前后比例协调，双肾，LED灯组，长长的车头，都十分养眼，十分满意！,1
好，不过刹车也用的多,1
油耗适中，以前一直以为宝马的油耗高，现在来看，油耗还是比较适中的，在接受范围内,1
基本没有,1
很多人觉得不值。。但我觉得值了。就是互联导航太贵。。不舍得 加装。。如果加装之后的价格我就觉得不是很值。。只选M套件的话我觉得是蛮值的。。因为宝马玩选装。。预算充足就选装吧。。预算不足就买低配。。,1
新车味道太大，软顶的就这样吧，反正新车到家没半年，味道根本散不掉。呛鼻子，每次出去要开窗户，儿童一年内免坐。味道对小孩子来说，伤害太大。,-1
作为一台两门车来说实在是太宽敞了，后排坐两个175的成年人毫无压力，比起TT、mini这些车要大得多，实用性非常好。有一次去外地接朋友，车上坐满四人后备箱还塞了两个大号拉杆箱和若干购物袋，毫无压力。,1
对于我来说挺轻松的，转向什么的都不错，倒车也挺顺利的,1
出乎意料的省油！,1
价格要是再便宜点就更好了。,-1
最大的优点当然就是它那帅气的外观啦。,1
综合油耗还是不错的，很实惠。,1
无钥匙启动/进入系统，发动机启停技术，并线辅助等等。,-1
最值得一提的还是操控，让你有人车合一的感觉，三大件一直是级别标杆，这都不是吹出来的，虽然账面数据不是很高，但效率极高，得益于牛b的变速箱吧。然后新款比较让人满意的是全LED灯组，全新设计的天使眼，个人非常喜欢，配置上加了后视镜电动折叠，加热，商业导航，互联驾驶等,1
车小巧，但是空间有大惊喜,1
比想象的高,0
敞篷、双门、无框、短轴、后驱、宝马、落地40w不到的价格,1
跑车级悬架妥妥的稳当。。。。,1
8折以上的折扣以及3年6w的免费保养加上购置税优惠，性价比可以说非常高。就整车品质而言目前无出其右者（包括国产那些主打性价比的）,1
刚提车回家时候，走了一小段高速，感觉中后段加速还是有些肉的，高速上还是动力比较吃亏,-1
动力很好，发动机的动力很充沛，地板油下去加速感很强,1
所以它的支撑性和包裹性非常棒，特别是主副驾驶位是真正为运动而生。车内的噪音控制也很令人满意。由于是运动运动型轿车，悬挂调校的比较硬，过减速带还是比较颠簸。,1
车小灵活，无框车门拉风，大灯自认为是宝马系列里最漂亮的，动力强劲！,1
最不满意的就是配置 20万的车子都没有LED大灯 真皮座椅,-1
商业级导航（免费升级扩展仪表）！防眩晕！倒车影像！腰部支撑！哈曼卡顿全套！至于舒适进入这个看个人喜好！我对无钥匙进入和车外开篷没要求...外面后期加的原厂导航也不带互联驾驶那些人工导航啊！实况路况这些功能的！！！！！个人,1
2系的座椅还是不错的包裹性座椅，朋友说像跑车的座椅，真是赚足了面子，有一点不是非常满意的就是刚发动车子是发动机声音有点响，不过发动一会儿后感觉会小很多，跟日系车相比有待改进，开起来时声音到不大。,1
我个子比 较高，坐进去没有压抑感，后备箱平常不怎么放东西，所以对我来说使用完全没有问题。,1
越来越平庸，全系以后都是一张眼角嘴脸,0
油耗这方面，我现在应该没有什么发言权吧！毕竟是刚提的新车。,0
性价比很满意，买了2系，开的很舒心，不后悔。毕竟家用，主要看油耗空间，8个油，够两个孩子折腾的大空间。,1
排气声浪，真的无力吐槽M的工程师，你说好歹也是个钢炮，排气声就和轿车一样，我完全不能够接受。呜呜呜的，卡住喉咙一样。难听一笔，回火声还是有，太小了。比起朋友45小了一个级别，人家还是4缸机。差评！大大的不满意！,-1
这就没的说了，开到小区了谁看了都得问几句！临走还得回头瞅瞅！,1
官方01加速7.3s，这估计是和i除了空间外第二个车友会关注的差异把，得益于ZF8AT的变速箱的平顺性，地板油的时候给我的推背感不是很强烈，就是感觉推背感不强,1
全家没有大块头，基本也就是一个人开，空间没多大要求,1
隔音效果很不错，关上车窗在车内基本上听不到车外的声音。,1
全景摄像头、并线辅助、车道偏离预警系统、主动刹车/主动安全系统等等。,1
三种动力模式完全满足我的使用！非常棒！,1
会定制！选装一堆原厂！可以等...后期加装真的好伤心！性价比太低！不过在途车，订车一月到车也算值得了！选装,-1
外观最不满意就是排气单出，其余完美，尤其无框车门和M套件,1
目前没有不满意的。,1
宝马的发动机还是很优秀的 1.5T 开始起像2.0的一样 就是声音稍微大了点,1
原车的实在太渣太渣，可以说就是一坨屎，CIC加低配仪表加织物座椅，受不了，毕竟内饰是自己看的东西。车买来第一步改的就是内饰，换彩线M4方向盘、运动扩展仪表、NBT，换完高大上多了。,-1
运动模式下，一般的路上超车都没有问题，我朋友有一辆A42.0T的还没有我这1.5T的给力了,1
动力随叫随到，顿挫感基本上是感受不到的。,1
车感还是不错的、过减速带坑坑洼洼的路面，减震过滤的不错。车内噪音也比较小。座椅比较舒服，宝马一贯风格。,1
加了M套非常好看，车身协调，完美的霍氏弧线，大爱,1
内饰异味新车很大。这是对这部车最不满意的一点。,-1
超喜欢过弯的感觉，应该是它们的“驱动力分配系统”起到看了作用，方向有点重，不过完全可以接受，比起媳妇之前的雨燕，直接不算啥。底盘及,1
前排舒适度100%，后排坐个175以下的应该没问题。,1
宝马的操控没话说，就是座椅偏硬，据说宝马调的都偏硬。,0
外观很时尚，自己非常喜欢这种旅行车的感觉。,1
原厂极度推荐,1
加油，前150时速都绝对ok，感觉很好，像幽灵在推，发动机噪音还行,1
宝马的发动机还是很优秀的 1.5T 开始起像2.0的一样 就是声音稍微大了点,1
目前属于磨合期，真心费。,-1
宝马的强项无需多说，前驱中也是王者。,1
外观大气，配置高端，油耗不高都是优点。,1
排气管单出，配置差，音响差！,-1
前排不错，后排不坐人，毕竟是跑车，空间还好。,1
二十几万的宝马，良好的行驶质感，性价比高。,1
随叫随到，家用足够,1
宽敞乘坐空间得到进一步拓展，相当于老款。其车身长度增加102mm，提供更为宽敞的后排乘客空间。全景天窗可有效开拓后排视野和空间感。提供430L的行李厢容积，并配备直通装载系统，可按照40:20:40比例折叠放倒后排座椅，进一步释放行李厢空间，以满足个性化出行需求。,1
百公里5毛现在，郊区市区高速公路混搭。人家多少和我不搭界，我的油耗。,0
时尚版.....呵呵呵.....自己换led拆车件去了,-1
内饰的话还不错，虽然材料不是很好，但看着还是挺不错的。,1
整车刚柔并济的造型，屁股也非常耐看，尾灯很有标志性。,1
操控不错，转向灵活准确，安静，提速也挺快的,1
个人观点，应该是最超值的宝马，既有面子，又有里子！就是能再加个定速巡航就完美了~总体满意满意满意~！,0
加速,0
没有不喜欢的地方,1
除了胎噪有些大，其他都OK,-1
作为一款宝马新款车型，不到20万的价格还是很有吸引力的，养护成本也很亲民。造型上向年轻人开的，奔驰B级虽然上市更早，但感觉年龄层次大一点，少了小资感（纯属个人观点，不喜勿喷）。,1
隔音不是很好，噪音有点大，座椅设计可以再长点,-1
空间,0
我的运动套装版的LED大灯超亮，省电，带天使眼的日间行车灯远远一看就是一部宝马，辩识度超高。满意！,1
胎噪，不过听说可以换轮胎减小。前脸相比其他系的宝马车要短，使得这样的“猪鼻子”造型有点难看。虽然设计了前三角窗以增大视线，但是A柱那边还是有点挡视线。,-1
空间很大，很够用，并且空间还比较宽敞，内部空间也是相当的大的，毕竟尺寸就摆在这了,1
愤怒的小猪，很多人觉得2胖丑，但是我是觉得越看越耐看宝马标志性的外观特色全部保留，天使眼，猪鼻子，两侧棱线,1
除了胎噪大了点，其实整车的隔音都还是不错的，底盘开起来也比较整，运动座椅坐起来也比较舒适，包裹性特别好，而且还有驾驶座位和副驾驶座位有腿部延长的支持，这点做的比较好，而且座位下面还有一个储物的小盒子，放点小东西都比较好。而且车子其他方也都比较舒适，真的很喜欢。特别大爱全景天窗，下雨天的时候那感觉太爽了。,1
163女生，平时自己开，顺便拉点货什么的，空间可以，我叔叔182一个大胖子也不觉得拥挤，赞一个,1
动力没话说，基本秒掉90的车,1
小孩儿在第二排玩的很开，哈哈,1
外形很赞，对于女生来说外形肯定是首选，闪，开起来感觉很耀眼,1
运动设计套装内饰相对精致点儿，传统宝马内饰简单不花哨我喜欢的风格，新车味道还是有点儿,1
空间是比较喜欢的，个人喜欢大气的感觉，后排的空间感觉很够啊。,1
油耗很省，在市区开才7个油，非常的低了,1
走过坑洼路面的话，还是有点硬，要是能再软一些就好了,-1
路感不错，平稳，顺当，视野开阔。晃晃悠悠那是路面不好，不能怪车。手刹也很给力，停车后感受不到溜车,1
配置就是齐全，不管是安全配置也好还是行车配置也好都是非常的全面的，一般的配置是都有的，用着挺方便。,1
操控没有什么问题，基本上就是指哪打哪，路面反馈也还行。,1
性价比绝对是很不错的，这一款车本身就是宝马推出的亲民的车型，虽然在某些方面稍微减少了一些配置，但还是属于宝马属下的，这个价位买到宝马的车，而且各种配置也是在同级车中领先的，一句话，绝对是很超值的。,1
内饰完美，摸起来质感很好，满分,1
线条不错，很满意，看着比奔驰B舒服,1
175 80kg、187 130kg，舒舒服服。,1
3缸1.5T的发动机居然比我原来2.5的睿翼加速还犀利，跑高速160以下加速没什么压力，估计也没人会开超过160码吧，所以说动力方面完全够用。,1
对舒适性没有什么要求,0
油耗是我选车的首要因素，油耗比较低，目前的油价算下来，4角一公里。代步工具，经济性还是相当重要的,1
提速很快，基本秒杀大部分车，动力很强，过一段时间准备去改装，个人喜欢改装成,1
动力还是挺足的，2.0的排量，最大马力192P，起步加速都挺快的，高速加速超车也完全没压力，想要推背感给油就行了。,1
宝马内饰都一样。,0
油耗中中等等，百公里不到12个油，挺好的。,1
轮毂贼难看的@空调显示全手动（好歹给个温度显示跟风速调节吧）@织物的椅子@虽然夏天挺舒服的不会太热不过档次就一下子降低了@尾灯有点寒酸啊。@没有安全带推送至少给个接口我系安全带啊就像RC那样@单出的单出的排气这个价位可以接受但是到手才知道实在太寒酸了。,-1
操控性在加速超车时体现得淋漓尽致，时速不知不觉就120了，赞,1
刚提车的时候油耗显示12，开了2000公里就降到8了，随着公里数的增加应该还会有降低。这个要看驾驶的习惯了，如果不心疼油钱，就猛踩油门吧。,1
前排就不用说了，后排座两个人很舒服，车身高度也高，头部空间很舒服。腿部空间也完全没有问题。,1
没事车技是我喜欢的现代简约的设计 ，中间的 idrive旋钮相当的人性化手感,1
简洁大方，挺朴素的，真皮方向盘，各种快捷按键，挺不错的，想换歌调音量不用去按导航了，还可以专心开车，中规中矩正好是我喜欢的那种，个人觉得那种很花俏的内饰太俗了,1
动力和操控感受,0
内饰绝对可以！真皮包裹！中控设计！非常好！,1
座椅也就一般，能接受，隔音不好说我改了音响做了四门隔音效果肯定有提升，原车也还过得去吧,-1
动力还不错，提速比较快，不过也只是轿跑的动力，偶尔用S档,1
木有座椅通风，南方真是难受,-1
开过我车的人都说这车开。坐过我车的人都说这车不好...哈哈,0
性价比这东西仁者见仁的，有钱人会觉得无所谓，不过这个级别的进口车的确没有过多的性价比可言，但是看在M—P的份上也勉强可以了，全车的套件，前四后二的M刹车，M的悬挂调教，不过不是底盘件，从进口车的角度看，这个价位性价比还可以，因为进口车整体性价比都不是很高,1
操控很给力，稳，抓地牢,1
配置比较简单，就是日常驾驶不会耽搁的。,1
原厂极度推荐,1
一家三口问题不大！后排上了儿童安全座椅！但直接插是擦不上去的！因为后排中间杯架这块是凸起的！是要上延长扣才能装上.两人坐很宽裕！非常宽裕！乘坐,1
外观颜值高，与众不同，很具有辨识度！,1
经典传统的宝马家族外观设计，中庸耐看，新款的一些小改动也是很成功的，尤其是轮毂的加大一号设计是非常成功的一个地方，非常喜欢现在这款轮毂。但新款大灯的设计只能说一般，不好看也不难看，相比起来老款的天使眼还是要经典些,1
内饰一般般，没有真皮，比不上奔驰,-1
隔音做的不错，就是座椅包裹行不好，坐久了腿容易累。,-1
没有电子档,-1
不满意的是这款车子的内饰感觉还是有些保守，宝马车的内饰通常都是这样，用料水平与自身的品牌不相符。,-1
提车的时候发动机舱很脏，灰尘严重，可能是车放久了的原因，但是提车之前都没给我好好清洗干净，座椅上也有脏的地方。其实后排的空间感觉是很小，我调整好前排座椅之后，后排只有三指，还有上车不怎么方便，当然了买这车的就不需要考虑后排空间了。还有就是因为地盘矮，上车经常脚会刮到车门，经常会弄脏。,-1
方向有点重，特别是高速行驶时方向盘总是显得重，刹车软硬适中，减速时轻踩制动踏板会有摩擦声响！底盘及,-1
全景天窗是购买理由之一，带家人自驾游，坐后排很舒服。宝马品牌的质量也是有口碑的，大品牌值得信奈。内饰也很喜欢，符合我的喜好，简洁又不失品质。方向盘操作性好。,1
舒适度整体比较满意，170的身高，坐进去感觉还是很宽松的，各设计方面总体还是很称心如意的,1
车小好停车，加速度还不错，进口车型。外观挺好看，就是墨尔本红有点亮骚哈，我选择我愿意我喜欢。宝马的操纵，奔驰的舒适，各有利弊，年轻人还是选择属于年轻人的车型。,1
宝马的内饰已经很不错了，你懂的,1
车子的内饰我觉得做工还是可以的，用料方面也是对得起这个车子的价位的,1
总得来说就上下班开开还是不错的，就是一样油耗能再降一点就好了,-1
加速能力很不错，提速很快超个车什么的很轻松.,1
我以前的事SUV2.0T的。就正常行驶感觉是差不多的，1000多转踩油门也能感觉到加速。超个车什么的也轻松。但如果坡度大的家变速去到3000都不升档。高速公路上很轻松的就超速了。,1
动力，操控，尾喉,0
油耗也不错。,1
这车我定位是带小孩的。就这隔音，这地盘，这轮胎........你让小朋友如何受得了,-1
全景天窗（大玻璃顶），后排座椅可以前后移动（灵活），动力油耗（虽是三缸机，但动力还是蛮不错，至少比我看的B级动力好，它还是1.6T）,1
外观 足够霸气，低调，有内涵！颜值还是不错的,1
对比自家逍客在120公里时速以上的提速要快的多感觉动力随叫随到,1
半液晶仪表盘，显示清晰，亮度可调，但国产后减了HUD接口，要想装就要换整个仪表盘。异味,-1
操控没话说，毕竟是宝马,1
这个不得不吐槽下，舒适度一般吧，没轿车好，最主要隔音不行，胎噪略大,-1
我个人觉得方向盘很轻，长时间开手也不会觉得酸，很灵活轻巧。,1
夫妻俩人带小孩正好够用。,1
整体性价比高...操控动力满意...空间大....家用实用,1
性价比突出，现金优惠大，不过需要加装饰，也就是常规的脚垫，贴膜之类，另外加了倒车影像和行车记录仪，宝马的行车记录仪挺高大上，镶在后视镜后面，小小的，几乎找不到，记录的影像直接通过手机下载，很方便。开始看的奥迪Q3，虽然空间小，但我老婆开也够了，安全性也不错，优惠也不错，但是年底奥迪经销商和厂家矛盾，车子全系涨价，网上预约了试驾也没人鸟我，打电话问有一句每没一句的。后来去宝马的4儿子，服务很好，但是展车出去做活动了，看不了，聊了下价格配置，都还算厚道，当天就定了！,1
转向很不错，对娇弱的女士可能有点重，但是转弯半径小,1
内饰一贯的宝马水准，中控层次简洁，操作逻辑简单，很宝马；看到凯迪拉克的中控按键布局，真是累啊,1
开习惯了也挺好开的，操控挺灵活的，换挡也很轻松。,1
外观设计大气，新潮不落俗套，辨识度还挺高的，这车开着回头率也有不少呢。,1
